model,loop,scale,dloc,concurrence
BHZ,CT,0.0,0.0,1.4196960477961724e-20
BHZ,CT,0.01,0.0017999997570000094,0.0017999911393362592
BHZ,CT,0.02,0.0035999980560003147,0.003599991722076537
BHZ,CT,0.03,0.00539999343900239,0.005399967708686681
BHZ,CT,0.04,0.007199984448010077,0.007199928258816228
BHZ,CT,0.05,0.008999969625030755,0.008999875406498731
BHZ,CT,0.06,0.010799947512076526,0.010799790049224472
BHZ,CT,0.07,0.012599916651165407,0.012599663038852854
BHZ,CT,0.08,0.01439987558432248,0.01439949553810262
BHZ,CT,0.09,0.01619982285358113,0.01619928772740744
BHZ,CT,0.1,0.017999757000984152,0.017999028015745964
BHZ,CT,0.11,0.019799676568584973,0.019798702481420183
BHZ,CT,0.12,0.02159958009844887,0.021598314099189005
BHZ,CT,0.13,0.023399466132654076,0.023397859313500947
BHZ,CT,0.14,0.02519933321329298,0.025197332091868602
BHZ,CT,0.15,0.026999179882473353,0.026996713099253417
BHZ,CT,0.16,0.028799004682319506,0.028796010987058807
BHZ,CT,0.17,0.030598806154973443,0.030595218325182524
BHZ,CT,0.18,0.03239858284259607,0.03239433159353176
BHZ,CT,0.19,0.03419833328736834,0.03419332979053919
BHZ,CT,0.2,0.03599805603149256,0.03599221787505657
BHZ,CT,0.21,0.03779774961719334,0.03779099337103117
BHZ,CT,0.22,0.039597412586719,0.039589646374300666
BHZ,CT,0.23,0.04139704348234264,0.0413881677298316
BHZ,CT,0.24,0.04319664084636329,0.043186557230019886
BHZ,CT,0.25,0.04499620322110724,0.044984805765856284
BHZ,CT,0.26,0.046795729148929044,0.04678291102050038
BHZ,CT,0.27,0.04859521717221278,0.04858086238790748
BHZ,CT,0.28,0.05039466583337327,0.05037866174823504
BHZ,CT,0.29,0.05219407367485721,0.05217629295319175
BHZ,CT,0.3,0.053993439239144285,0.05397374957579636
BHZ,CT,0.31,0.05579276106874858,0.05577103896503171
BHZ,CT,0.32,0.05759203770621942,0.05756814862417048
BHZ,CT,0.33,0.05939126769414288,0.05936506686054027
BHZ,CT,0.34,0.06119044957514276,0.0611617960670321
BHZ,CT,0.35000000000000003,0.06298958189188182,0.06295832753298111
BHZ,CT,0.36,0.064788663187063,0.06475465371369668
BHZ,CT,0.37,0.06658769200343055,0.06655076897335922
BHZ,CT,0.38,0.0683866668837712,0.06834667162294039
BHZ,CT,0.39,0.0701855863709154,0.07014235145220064
BHZ,CT,0.4,0.07198444900773852,0.07193780812232359
BHZ,CT,0.41000000000000003,0.07378325333716183,0.07373302177973376
BHZ,CT,0.42,0.07558199790215403,0.07552800315354367
BHZ,CT,0.43,0.077380681245732,0.07732273641056174
BHZ,CT,0.44,0.07917930191096242,0.07911722328874868
BHZ,CT,0.45,0.08097785844096263,0.08091144764163245
BHZ,CT,0.46,0.08277634937890194,0.08270541488865639
BHZ,CT,0.47000000000000003,0.08457477326800275,0.08449911861645548
BHZ,CT,0.48,0.08637312865154183,0.08629254221804973
BHZ,CT,0.49,0.08817141407285145,0.08808568235241883
BHZ,CT,0.5,0.08996962807532047,0.08987854919801125
BHZ,CT,0.51,0.0917677692023957,0.09167111271794721
BHZ,CT,0.52,0.09356583599758289,0.09346337984691917
BHZ,CT,0.53,0.09536382700444797,0.09525535095707958
BHZ,CT,0.54,0.09716174076661847,0.09704700622011424
BHZ,CT,0.55,0.09895957582778425,0.09883835763236459
BHZ,CT,0.56,0.100757330731699,0.10062938583254316
BHZ,CT,0.5700000000000001,0.1025550040221814,0.10242008543064564
BHZ,CT,0.58,0.10435259424311606,0.1042104483160698
BHZ,CT,0.59,0.10615009993845519,0.10600048156382
BHZ,CT,0.6,0.10794751965221909,0.10779017041000753
BHZ,CT,0.61,0.10974485192849802,0.10957950742334276
BHZ,CT,0.62,0.11154209531145287,0.11136848507435972
BHZ,CT,0.63,0.11333924834531667,0.11315711054118865
BHZ,CT,0.64,0.11513630957439544,0.11494536297176781
BHZ,CT,0.65,0.11693327754306977,0.1167332418736476
BHZ,CT,0.66,0.11873015079579573,0.1185207403718334
BHZ,CT,0.67,0.12052692787710595,0.12030786840170271
BHZ,CT,0.68,0.12232360733161128,0.1220945920761706
BHZ,CT,0.6900000000000001,0.12412018770400132,0.12388093187021702
BHZ,CT,0.7000000000000001,0.12591666753904607,0.12566686103685729
BHZ,CT,0.71,0.12771304538159706,0.12745238722975805
BHZ,CT,0.72,0.12950931977658817,0.12923750334371037
BHZ,CT,0.73,0.13130548926903737,0.13102219558825187
BHZ,CT,0.74,0.1331015524040475,0.13280647153809105
BHZ,CT,0.75,0.13489750772680748,0.13459030412670553
BHZ,CT,0.76,0.1366933537825935,0.1363737062816975
BHZ,CT,0.77,0.13848908911677044,0.13815667419563735
BHZ,CT,0.78,0.14028471227479278,0.1399391855973433
BHZ,CT,0.79,0.14208022180220586,0.14172125038440012
BHZ,CT,0.8,0.1438756162446471,0.14350284468479044
BHZ,CT,0.81,0.14567089414784695,0.14528397994869777
BHZ,CT,0.8200000000000001,0.14746605405763055,0.147064647811781
BHZ,CT,0.8300000000000001,0.14926109451991845,0.14884483956375416
BHZ,CT,0.84,0.1510560140807279,0.15062454404703582
BHZ,CT,0.85,0.1528508112861743,0.15240376615266965
BHZ,CT,0.86,0.15464548468247177,0.15418249072153248
BHZ,CT,0.87,0.15644003281593521,0.15596071362367137
BHZ,CT,0.88,0.1582344542329806,0.1577384331348035
BHZ,CT,0.89,0.16002874748012666,0.15951564294020049
BHZ,CT,0.9,0.16182291110399608,0.16129233697150985
BHZ,CT,0.91,0.1636169436513163,0.16306850399989611
BHZ,CT,0.92,0.16541084366892117,0.1648441524027591
BHZ,CT,0.93,0.16720460970375167,0.1666192542486682
BHZ,CT,0.9400000000000001,0.16899824030285748,0.16839381890079708
BHZ,CT,0.9500000000000001,0.17079173401339792,0.17016783848976894
BHZ,CT,0.96,0.17258508938264297,0.17194131961404294
BHZ,CT,0.97,0.17437830495797516,0.17371423179448797
BHZ,CT,0.98,0.17617137928689,0.1754865779895311
BHZ,CT,0.99,0.17796431091699705,0.1772583605709422
BHZ,CT,1.0,0.17975709839602208,0.17902957271160763
BHZ,CB,0.0,0.0,1.4196960477961724e-20
BHZ,CB,0.01,0.0017999997570000102,0.0017999876343553073
BHZ,CB,0.02,0.003599998056000316,0.0035999865070252468
BHZ,CB,0.03,0.005399993439002391,0.005399968932613643
BHZ,CB,0.04,0.00719998444801008,0.00719993070426914
BHZ,CB,0.05,0.008999969625030755,0.008999871160339052
BHZ,CB,0.06,0.010799947512076528,0.010799788927762184
BHZ,CB,0.07,0.012599916651165404,0.012599665320707897
BHZ,CB,0.08,0.014399875584322486,0.014399496280290861
BHZ,CB,0.09,0.01619982285358113,0.01619928635500829
BHZ,CB,0.1,0.01799975700098414,0.01799902017950338
BHZ,CB,0.11,0.019799676568584976,0.019798704408483542
BHZ,CB,0.12,0.021599580098448864,0.02159831377031583
BHZ,CB,0.13,0.023399466132654076,0.023397862330746165
BHZ,CB,0.14,0.02519933321329298,0.02519733174622282
BHZ,CB,0.15,0.026999179882473353,0.0269967106074372
BHZ,CB,0.16,0.02879900468231951,0.02879601765213732
BHZ,CB,0.17,0.030598806154973443,0.03059521759386673
BHZ,CB,0.18,0.032398582842596065,0.03239433159353234
BHZ,CB,0.19,0.034198333287368356,0.0341933280548616
BHZ,CB,0.2,0.03599805603149256,0.03599221785344245
BHZ,CB,0.21,0.03779774961719334,0.03779098723325006
BHZ,CB,0.22,0.039597412586719,0.039589643827838944
BHZ,CB,0.23,0.04139704348234263,0.041388168624781396
BHZ,CB,0.24,0.043196640846363286,0.0431865558401896
BHZ,CB,0.25,0.044996203221107235,0.04498480439388946
BHZ,CB,0.26,0.04679572914892906,0.04678291762072347
BHZ,CB,0.27,0.04859521717221279,0.048580870383309535
BHZ,CB,0.28,0.05039466583337329,0.05037865602248895
BHZ,CB,0.29,0.0521940736748572,0.05217629524630243
BHZ,CB,0.3,0.053993439239144306,0.05397374947809839
BHZ,CB,0.31,0.05579276106874857,0.05577104396995419
BHZ,CB,0.32,0.05759203770621942,0.057568148637465025
BHZ,CB,0.33,0.05939126769414289,0.0593650738992267
BHZ,CB,0.34,0.06119044957514276,0.06116179389022591
BHZ,CB,0.35000000000000003,0.06298958189188184,0.06295832553084182
BHZ,CB,0.36,0.064788663187063,0.06475465206331683
BHZ,CB,0.37,0.06658769200343055,0.06655077124776863
BHZ,CB,0.38,0.0683866668837712,0.06834666822815172
BHZ,CB,0.39,0.0701855863709154,0.07014234881507077
BHZ,CB,0.4,0.07198444900773852,0.07193780218000227
BHZ,CB,0.41000000000000003,0.07378325333716185,0.07373302255258354
BHZ,CB,0.42,0.07558199790215402,0.07552800704036401
BHZ,CB,0.43,0.07738068124573201,0.07732273655302944
BHZ,CB,0.44,0.07917930191096242,0.07911722184407152
BHZ,CB,0.45,0.08097785844096263,0.08091144950763664
BHZ,CB,0.46,0.08277634937890192,0.08270542076554825
BHZ,CB,0.47000000000000003,0.08457477326800275,0.08449911875761257
BHZ,CB,0.48,0.08637312865154183,0.0862925419323381
BHZ,CB,0.49,0.08817141407285146,0.08808568363757142
BHZ,CB,0.5,0.08996962807532047,0.08987854606711322
BHZ,CB,0.51,0.09176776920239572,0.09167110905691277
BHZ,CB,0.52,0.09356583599758286,0.09346338028269406
BHZ,CB,0.53,0.09536382700444797,0.09525535490084013
BHZ,CB,0.54,0.09716174076661852,0.0970470172776993
BHZ,CB,0.55,0.09895957582778422,0.09883836221844501
BHZ,CB,0.56,0.100757330731699,0.10062938794745187
BHZ,CB,0.5700000000000001,0.1025550040221814,0.10242008180033597
BHZ,CB,0.58,0.10435259424311609,0.1042104474854203
BHZ,CB,0.59,0.10615009993845514,0.10600048349681183
BHZ,CB,0.6,0.10794751965221915,0.10779017017696153
BHZ,CB,0.61,0.10974485192849802,0.10957949947382642
BHZ,CB,0.62,0.11154209531145287,0.11136848079907986
BHZ,CB,0.63,0.11333924834531665,0.1131571070280729
BHZ,CB,0.64,0.11513630957439547,0.11494535901694143
BHZ,CB,0.65,0.1169332775430698,0.11673324528517824
BHZ,CB,0.66,0.11873015079579576,0.11852074061932982
BHZ,CB,0.67,0.12052692787710599,0.12030786499808534
BHZ,CB,0.68,0.1223236073316113,0.12209459578848288
BHZ,CB,0.6900000000000001,0.12412018770400128,0.12388093268501917
BHZ,CB,0.7000000000000001,0.12591666753904607,0.12566686607651062
BHZ,CB,0.71,0.12771304538159697,0.12745239449871507
BHZ,CB,0.72,0.12950931977658817,0.1292375007206608
BHZ,CB,0.73,0.13130548926903737,0.13102219638913362
BHZ,CB,0.74,0.1331015524040475,0.1328064667668767
BHZ,CB,0.75,0.13489750772680748,0.13459030996894883
BHZ,CB,0.76,0.13669335378259354,0.13637371101940982
BHZ,CB,0.77,0.13848908911677044,0.138156668033296
BHZ,CB,0.78,0.1402847122747928,0.13993918477502695
BHZ,CB,0.79,0.1420802218022059,0.1417212421379148
BHZ,CB,0.8,0.1438756162446471,0.14350284579062522
BHZ,CB,0.81,0.14567089414784698,0.14528398549487365
BHZ,CB,0.8200000000000001,0.14746605405763058,0.14706464505567493
BHZ,CB,0.8300000000000001,0.14926109451991848,0.1488448380293793
BHZ,CB,0.84,0.15105601408072797,0.15062454942942036
BHZ,CB,0.85,0.15285081128617428,0.1524037673224296
BHZ,CB,0.86,0.15464548468247186,0.15418248446181662
BHZ,CB,0.87,0.15644003281593524,0.15596070943565346
BHZ,CB,0.88,0.15823445423298066,0.15773843653069863
BHZ,CB,0.89,0.1600287474801267,0.15951563747412204
BHZ,CB,0.9,0.16182291110399608,0.16129233077982477
BHZ,CB,0.91,0.16361694365131635,0.16306850274841114
BHZ,CB,0.92,0.16541084366892114,0.16484414681747983
BHZ,CB,0.93,0.16720460970375167,0.16661925386399437
BHZ,CB,0.9400000000000001,0.1689982403028575,0.16839382150287363
BHZ,CB,0.9500000000000001,0.1707917340133979,0.17016783806523
BHZ,CB,0.96,0.17258508938264303,0.17194131719925626
BHZ,CB,0.97,0.1743783049579752,0.17371422411046525
BHZ,CB,0.98,0.17617137928689,0.1754865732906416
BHZ,CB,0.99,0.17796431091699705,0.17725836377836676
BHZ,CB,1.0,0.17975709839602216,0.17902957342582415
BHZ,C_plus,0.0,0.0,1.4196960477961724e-20
BHZ,C_plus,0.01,1.5332934166833742e-19,6.280257035595069e-14
BHZ,C_plus,0.02,7.850462293418876e-17,8.583882633821415e-14
BHZ,C_plus,0.03,7.851420543320938e-17,3.519060513937613e-14
BHZ,C_plus,0.04,3.925250312830355e-16,6.32958853700068e-14
BHZ,C_plus,0.05,1.5700924586837752e-16,3.727871771321797e-14
BHZ,C_plus,0.06,7.851420543320939e-17,2.4086359247552984e-14
BHZ,C_plus,0.07,0.0,2.1620410561411123e-14
BHZ,C_plus,0.08,1.5702841086641878e-16,1.298772252068771e-13
BHZ,C_plus,0.09,2.4532694666933983e-18,1.3516822628760215e-13
BHZ,C_plus,0.1,2.4532694666933975e-18,3.640910858426698e-14
BHZ,C_plus,0.11,2.356288377470769e-16,2.6326417376435833e-14
BHZ,C_plus,0.12,2.3552664590111376e-16,1.0901365362636611e-13
BHZ,C_plus,0.13,7.85429459156923e-17,7.450906289181186e-14
BHZ,C_plus,0.14,0.0,1.0551660961780124e-13
BHZ,C_plus,0.15,7.854294591569231e-17,2.3872112349540735e-15
BHZ,C_plus,0.16,7.865780283191234e-17,2.936955772012349e-14
BHZ,C_plus,0.17,1.5702841086641878e-16,1.6040005292445325e-14
BHZ,C_plus,0.18,0.0,2.3627206463506162e-14
BHZ,C_plus,0.19,4.906538933386797e-18,5.566075773933456e-15
BHZ,C_plus,0.2,7.911556306605241e-17,1.4069726977062836e-14
BHZ,C_plus,0.21,7.865780283191232e-17,4.8442725257426986e-14
BHZ,C_plus,0.22,1.5769771845813174e-16,1.0476823165412701e-13
BHZ,C_plus,0.23,7.850462293418875e-17,3.2972107406682046e-14
BHZ,C_plus,0.24,1.5708589183138455e-16,2.2351880945840764e-14
BHZ,C_plus,0.25,7.850462293418875e-17,3.8925970457988323e-14
BHZ,C_plus,0.26,7.865780283191233e-17,5.557860871162969e-15
BHZ,C_plus,0.27,7.911556306605244e-17,7.305026621946429e-14
BHZ,C_plus,0.28,7.911556306605243e-17,1.9717223006921603e-14
BHZ,C_plus,0.29,0.0,1.1786629182412425e-13
BHZ,C_plus,0.3,7.865780283191234e-17,2.5671169788219476e-14
BHZ,C_plus,0.31,7.850462293418875e-17,4.0724443385545535e-14
BHZ,C_plus,0.32,1.573156056638247e-16,8.262957942994542e-14
BHZ,C_plus,0.33,1.471961680016039e-17,8.867704359010713e-14
BHZ,C_plus,0.34,1.5708589183138467e-16,6.837524244604298e-14
BHZ,C_plus,0.35000000000000003,7.911556306605241e-17,6.60633343460408e-14
BHZ,C_plus,0.36,1.5731560566382471e-16,1.2650289813630191e-14
BHZ,C_plus,0.37,9.813077866773595e-18,3.821012007364135e-14
BHZ,C_plus,0.38,0.0,6.518958919483402e-15
BHZ,C_plus,0.39,7.850462293418876e-17,1.3795548051913927e-13
BHZ,C_plus,0.4,7.911556306605241e-17,1.5331349281049393e-14
BHZ,C_plus,0.41000000000000003,7.911556306605238e-17,3.4311063369067627e-14
BHZ,C_plus,0.42,1.5700924586837752e-16,3.4457726986433017e-14
BHZ,C_plus,0.43,7.911556306605241e-17,1.6092251377894883e-14
BHZ,C_plus,0.44,1.5700924586837752e-16,6.657293631907989e-14
BHZ,C_plus,0.45,8.092071311423671e-17,7.123971480447131e-14
BHZ,C_plus,0.46,1.5823112613210482e-16,4.8379878567089235e-14
BHZ,C_plus,0.47000000000000003,9.813077866773595e-18,7.664005516994955e-14
BHZ,C_plus,0.48,7.850462293418876e-17,1.9714180347098032e-14
BHZ,C_plus,0.49,7.91155630660524e-17,1.0413658487472601e-13
BHZ,C_plus,0.5,7.911556306605243e-17,2.534237176114938e-14
BHZ,C_plus,0.51,9.813077866773593e-18,2.6436817722234115e-14
BHZ,C_plus,0.52,9.813077866773593e-18,8.193013841881201e-15
BHZ,C_plus,0.53,7.91155630660524e-17,5.840971710846407e-14
BHZ,C_plus,0.54,2.357182192694739e-16,6.776865629258554e-15
BHZ,C_plus,0.55,9.813077866773595e-18,2.4167768524740427e-14
BHZ,C_plus,0.56,7.911556306605241e-17,1.2867174498888903e-13
BHZ,C_plus,0.5700000000000001,7.850462293418876e-17,1.6254022565765944e-14
BHZ,C_plus,0.58,1.9626155733547183e-17,2.097623312605903e-14
BHZ,C_plus,0.59,7.91155630660524e-17,2.433793128455797e-14
BHZ,C_plus,0.6,3.1646225226420963e-16,2.110254872920313e-14
BHZ,C_plus,0.61,9.813077866773593e-18,1.9274696522199883e-14
BHZ,C_plus,0.62,7.850462293418876e-17,1.6118816712397183e-14
BHZ,C_plus,0.63,3.1646225226420963e-16,3.2993386111220227e-14
BHZ,C_plus,0.64,1.5823112613210482e-16,5.444003459631627e-14
BHZ,C_plus,0.65,2.943923360032078e-17,1.8967579178962456e-14
BHZ,C_plus,0.66,2.357182192694739e-16,2.4924944638017607e-14
BHZ,C_plus,0.67,7.850462293418873e-17,9.535655490058377e-15
BHZ,C_plus,0.68,1.962615573354719e-17,4.9979323976327976e-14
BHZ,C_plus,0.6900000000000001,7.91155630660524e-17,1.0341000434852787e-13
BHZ,C_plus,0.7000000000000001,8.092071311423672e-17,1.3400646961927243e-14
BHZ,C_plus,0.71,1.5823112613210482e-16,4.800816114987664e-14
BHZ,C_plus,0.72,8.092071311423671e-17,3.2806342347905396e-14
BHZ,C_plus,0.73,1.5700924586837752e-16,9.940993759712341e-15
BHZ,C_plus,0.74,1.5823112613210482e-16,4.8913522190887855e-14
BHZ,C_plus,0.75,1.9626155733547187e-17,6.752939421161032e-14
BHZ,C_plus,0.76,0.0,5.99731030028866e-14
BHZ,C_plus,0.77,1.5823112613210482e-16,9.419870258777525e-15
BHZ,C_plus,0.78,2.3633021048361517e-16,3.47046829303854e-14
BHZ,C_plus,0.79,1.5700924586837747e-16,1.2916018822379877e-13
BHZ,C_plus,0.8,7.850462293418876e-17,2.6152793759984964e-14
BHZ,C_plus,0.81,1.570092458683775e-16,9.667988234154154e-14
BHZ,C_plus,0.8200000000000001,1.9626155733547187e-17,2.8014739472028454e-14
BHZ,C_plus,0.8300000000000001,1.9626155733547187e-17,9.614317511591118e-14
BHZ,C_plus,0.84,1.582311261321048e-16,1.4339408727472518e-14
BHZ,C_plus,0.85,1.962615573354719e-17,2.1204389402424175e-14
BHZ,C_plus,0.86,1.6184142622847344e-16,4.3902773972972654e-14
BHZ,C_plus,0.87,8.092071311423672e-17,8.952268094201753e-15
BHZ,C_plus,0.88,7.850462293418876e-17,5.4106391496308225e-14
BHZ,C_plus,0.89,1.9626155733547187e-17,7.412779008021966e-14
BHZ,C_plus,0.9,2.551400245361135e-16,9.800932938039103e-14
BHZ,C_plus,0.91,9.813077866773593e-17,9.203785254879257e-14
BHZ,C_plus,0.92,8.777083671441752e-17,9.051818184170345e-14
BHZ,C_plus,0.93,1.9626155733547187e-17,7.40519805708354e-14
BHZ,C_plus,0.9400000000000001,2.3633021048361517e-16,1.6826886331636678e-14
BHZ,C_plus,0.9500000000000001,8.777083671441753e-17,2.509369898855982e-14
BHZ,C_plus,0.96,0.0,2.5627307273063204e-15
BHZ,C_plus,0.97,8.777083671441752e-17,2.5962640381740144e-14
BHZ,C_plus,0.98,1.962615573354719e-17,2.7024641327172802e-14
BHZ,C_plus,0.99,8.777083671441752e-17,2.4484776477497757e-14
BHZ,C_plus,1.0,8.777083671441752e-17,1.957995641773483e-14
BHZ,C_minus,0.0,0.0,1.4196960477961724e-20
BHZ,C_minus,0.01,0.003599998056000315,0.0035999843130868543
BHZ,C_minus,0.02,0.007199984448010077,0.007199927472407745
BHZ,C_minus,0.03,0.010799947512076526,0.01079978543647779
BHZ,C_minus,0.04,0.014399875584322487,0.014399498964451618
BHZ,C_minus,0.05,0.017999757000984152,0.017999022723504877
BHZ,C_minus,0.06,0.021599580098448864,0.021598320423181116
BHZ,C_minus,0.07,0.02519933321329297,0.025197332176111174
BHZ,C_minus,0.08,0.028799004682319506,0.02879601089311752
BHZ,C_minus,0.09,0.03239858284259606,0.032394320320089764
BHZ,C_minus,0.1,0.03599805603149256,0.0359922225525816
BHZ,C_minus,0.11,0.039597412586718984,0.03958964720912246
BHZ,C_minus,0.12,0.0431966408463633,0.04318655585846636
BHZ,C_minus,0.13,0.04679572914892904,0.046782910236058343
BHZ,C_minus,0.14,0.050394665833373285,0.05037866015795561
BHZ,C_minus,0.15,0.053993439239144306,0.05397375875009171
BHZ,C_minus,0.16,0.05759203770621941,0.05756814907774366
BHZ,C_minus,0.17,0.06119044957514276,0.061161794879668135
BHZ,C_minus,0.18,0.064788663187063,0.06475465840715058
BHZ,C_minus,0.19,0.06838666688377118,0.0683466640427339
BHZ,C_minus,0.2,0.0719844490077385,0.0719378031091465
BHZ,C_minus,0.21,0.075581997902154,0.07552800047134205
BHZ,C_minus,0.22,0.0791793019109624,0.07911722024352245
BHZ,C_minus,0.23,0.08277634937890191,0.08270541325501672
BHZ,C_minus,0.24,0.08637312865154183,0.08629253673416637
BHZ,C_minus,0.25,0.08996962807532047,0.08987854523012397
BHZ,C_minus,0.26,0.09356583599758285,0.09346338043863409
BHZ,C_minus,0.27,0.09716174076661847,0.09704701070663238
BHZ,C_minus,0.28,0.100757330731699,0.10062938654217844
BHZ,C_minus,0.29,0.10435259424311609,0.10421045034307191
BHZ,C_minus,0.3,0.1079475196522191,0.10779016247475617
BHZ,C_minus,0.31,0.11154209531145289,0.1113684848251166
BHZ,C_minus,0.32,0.11513630957439543,0.11494535965535234
BHZ,C_minus,0.33,0.11873015079579574,0.1185207446625658
BHZ,C_minus,0.34,0.12232360733161127,0.12209459687735624
BHZ,C_minus,0.35000000000000003,0.12591666753904607,0.12566686155562365
BHZ,C_minus,0.36,0.12950931977658817,0.12923749921718555
BHZ,C_minus,0.37,0.13310155240404747,0.13280646509859956
BHZ,C_minus,0.38,0.1366933537825935,0.13637370642739932
BHZ,C_minus,0.39,0.1402847122747928,0.1399391818462454
BHZ,C_minus,0.4,0.1438756162446471,0.1435028499591618
BHZ,C_minus,0.41000000000000003,0.14746605405763055,0.14706465280240294
BHZ,C_minus,0.42,0.15105601408072797,0.15062454845576614
BHZ,C_minus,0.43,0.1546454846824718,0.15418249172297216
BHZ,C_minus,0.44,0.15823445423298058,0.15773842948120978
BHZ,C_minus,0.45,0.16182291110399602,0.16129233767819787
BHZ,C_minus,0.46,0.1654108436689212,0.16484414993677685
BHZ,C_minus,0.47000000000000003,0.16899824030285748,0.16839382665699523
BHZ,C_minus,0.48,0.17258508938264303,0.1719413174670843
BHZ,C_minus,0.49,0.17617137928688995,0.17548658171334655
BHZ,C_minus,0.5,0.17975709839602208,0.17902957076781692
BHZ,C_minus,0.51,0.18334223509231265,0.1825702390375971
BHZ,C_minus,0.52,0.18692677775992203,0.18610854638461258
BHZ,C_minus,0.53,0.19051071478493484,0.18964443784595328
BHZ,C_minus,0.54,0.19409403455539856,0.19317787151803448
BHZ,C_minus,0.55,0.19767672546135992,0.196708800629752
BHZ,C_minus,0.56,0.20125877589490387,0.2002371716216268
BHZ,C_minus,0.5700000000000001,0.20484017425018994,0.20376296622831175
BHZ,C_minus,0.58,0.2084209089234905,0.20728610362002559
BHZ,C_minus,0.59,0.2120009683132287,0.21080656564607284
BHZ,C_minus,0.6,0.21558034082001493,0.21432428705891066
BHZ,C_minus,0.61,0.21915901484668554,0.21783923488423126
BHZ,C_minus,0.62,0.22273697879833967,0.22135136910047856
BHZ,C_minus,0.63,0.22631422108237734,0.2248606183245835
BHZ,C_minus,0.64,0.2298907301085367,0.22836696223148645
BHZ,C_minus,0.65,0.23346649428893168,0.2318703421400511
BHZ,C_minus,0.66,0.23704150203808944,0.23537072834464082
BHZ,C_minus,0.67,0.2406157417729878,0.23886805337006728
BHZ,C_minus,0.68,0.2441892019130935,0.24236229143740196
BHZ,C_minus,0.6900000000000001,0.24776187088039842,0.2458533727593138
BHZ,C_minus,0.7000000000000001,0.25133373709945844,0.24934127651707533
BHZ,C_minus,0.71,0.25490478899743024,0.2528259561476593
BHZ,C_minus,0.72,0.25847501500410863,0.2563073545869311
BHZ,C_minus,0.73,0.26204440355196457,0.2597854193115634
BHZ,C_minus,0.74,0.26561294307618216,0.2632601373430728
BHZ,C_minus,0.75,0.2691806220146966,0.26673142902526903
BHZ,C_minus,0.76,0.2727474288082313,0.2701992693817851
BHZ,C_minus,0.77,0.27631335190033507,0.27366361191655963
BHZ,C_minus,0.78,0.2798783797374204,0.2771244012403716
BHZ,C_minus,0.79,0.2834425007688003,0.2805816037299076
BHZ,C_minus,0.8,0.2870057034467257,0.2840351659196341
BHZ,C_minus,0.81,0.29056797622642294,0.28748503433077477
BHZ,C_minus,0.8200000000000001,0.2941293075661313,0.2909312047360342
BHZ,C_minus,0.8300000000000001,0.2976896859271405,0.29437357680251863
BHZ,C_minus,0.84,0.3012490997738279,0.2978121575980614
BHZ,C_minus,0.85,0.3048075375736954,0.30124686257055205
BHZ,C_minus,0.86,0.3083649877974079,0.30467767481506924
BHZ,C_minus,0.87,0.3119214389188297,0.3081045367671834
BHZ,C_minus,0.88,0.31547687941506214,0.31152739965601167
BHZ,C_minus,0.89,0.3190312977664814,0.31494622190868254
BHZ,C_minus,0.9,0.3225846824567748,0.3183609657449936
BHZ,C_minus,0.91,0.3261370219729794,0.32177158715968956
BHZ,C_minus,0.92,0.32968830480551803,0.32517804562368985
BHZ,C_minus,0.93,0.33323851944823757,0.3285802771892118
BHZ,C_minus,0.9400000000000001,0.33678765439844555,0.33197825494554334
BHZ,C_minus,0.9500000000000001,0.340335698156948,0.335371930367396
BHZ,C_minus,0.96,0.34388263922808593,0.3387612518164782
BHZ,C_minus,0.97,0.34742846611977374,0.3421461969562503
BHZ,C_minus,0.98,0.3509731673435353,0.3455267034560467
BHZ,C_minus,0.99,0.3545167314145416,0.34890272796078803
BHZ,C_minus,1.0,0.35805914685164836,0.35227421944679743
SSH,CL,0.0,0.0,1.4196960477961724e-20
SSH,CL,0.01,0.0019999996666666834,0.0018940448308234802
SSH,CL,0.02,0.003999997333333867,0.0037881138530856274
SSH,CL,0.03,0.005999991000004047,0.005682152053118605
SSH,CL,0.04,0.007999978666683732,0.007576157227329371
SSH,CL,0.05,0.00999995833338542,0.00947014576791637
SSH,CL,0.06,0.011999928000129603,0.011364095656290131
SSH,CL,0.07,0.01399988566694679,0.013258000737050628
SSH,CL,0.08,0.015999829333879466,0.015151849891553569
SSH,CL,0.09,0.017999757000984138,0.017045637315857554
SSH,CL,0.1,0.019999666668333336,0.018939348826524264
SSH,CL,0.11,0.021999556336017512,0.020833001912241876
SSH,CL,0.12,0.023999424004147184,0.02272655744663965
SSH,CL,0.13,0.02599926767285486,0.024620022612426393
SSH,CL,0.14,0.027999085342297038,0.02651340394711139
SSH,CL,0.15,0.029998875012656176,0.028406666404941043
SSH,CL,0.16,0.031998634684142824,0.03029982099228142
SSH,CL,0.17,0.03399836235699744,0.032192851502302444
SSH,CL,0.18,0.03599805603149256,0.03408574984258383
SSH,CL,0.19,0.03799771370793463,0.035978512880888595
SSH,CL,0.2,0.039997333386666174,0.03787114011831628
SSH,CL,0.21,0.04199691306806766,0.039763610115470915
SSH,CL,0.22,0.04399645075255955,0.041655919755902854
SSH,CL,0.23,0.045995944440604376,0.04354806537737616
SSH,CL,0.24,0.04799539213270859,0.04544003404230479
SSH,CL,0.25,0.049994791829424665,0.0473318192168893
SSH,CL,0.26,0.051994141531353094,0.04922341997216662
SSH,CL,0.27,0.05399343923914434,0.05111482125171849
SSH,CL,0.28,0.05599268295350078,0.053006015214975784
SSH,CL,0.29,0.057991870675178955,0.054897004603486836
SSH,CL,0.3,0.059991000404991335,0.056787774481068434
SSH,CL,0.31,0.06199007014380825,0.058678311753864426
SSH,CL,0.32,0.06398907789256021,0.0605686141882421
SSH,CL,0.33,0.06598802165223963,0.06245867955160816
SSH,CL,0.34,0.0679868994239029,0.06434848640247942
SSH,CL,0.35000000000000003,0.06998570920867238,0.06623804636084749
SSH,CL,0.36,0.0719844490077385,0.06812733442800534
SSH,CL,0.37,0.07398311682236162,0.07001635013590357
SSH,CL,0.38,0.07598171065387406,0.07190508546765291
SSH,CL,0.39,0.07798022850368219,0.07379353468045143
SSH,CL,0.4,0.07997866837326835,0.07568169243314947
SSH,CL,0.41000000000000003,0.08197702826419274,0.07756953819687314
SSH,CL,0.42,0.08397530617809569,0.07945708753311348
SSH,CL,0.43,0.08597350011669952,0.08134430737817092
SSH,CL,0.44,0.08797160808181038,0.08323120624916874
SSH,CL,0.45,0.0899696280753205,0.08511777282701763
SSH,CL,0.46,0.09196755809920999,0.08700399684957451
SSH,CL,0.47000000000000003,0.09396539615554911,0.08888987286370405
SSH,CL,0.48,0.0959631402464998,0.09077539475464029
SSH,CL,0.49,0.09796078837431836,0.09266055537058995
SSH,CL,0.5,0.0999583385413567,0.09454534283258824
SSH,CL,0.51,0.1019557887500648,0.09642974308040186
SSH,CL,0.52,0.1039531370029926,0.09831376990395217
SSH,CL,0.53,0.1059503813027921,0.1001974059821155
SSH,CL,0.54,0.10794751965221912,0.10208063484236304
SSH,CL,0.55,0.1099445500541355,0.10396345669453187
SSH,CL,0.56,0.11194147051151095,0.10584585874711461
SSH,CL,0.5700000000000001,0.11393827902742527,0.10772784306461675
SSH,CL,0.58,0.11593497360506995,0.1096093898168062
SSH,CL,0.59,0.11793155224775084,0.11149050653538493
SSH,CL,0.6,0.11992801295888922,0.11337117429744244
SSH,CL,0.61,0.12192435374202462,0.11525138746035794
SSH,CL,0.62,0.12392057260081647,0.11713113961787763
SSH,CL,0.63,0.12591666753904607,0.11901041818956253
SSH,CL,0.64,0.12791263656061858,0.12088922289919095
SSH,CL,0.65,0.12990847766956526,0.12276755487739865
SSH,CL,0.66,0.13190418887004493,0.12464538784216342
SSH,CL,0.67,0.13389976816634686,0.12652272222554337
SSH,CL,0.68,0.13589521356289178,0.128399549589106
SSH,CL,0.6900000000000001,0.13789052306423444,0.1302758638024366
SSH,CL,0.7000000000000001,0.13988569467506554,0.13215165880417293
SSH,CL,0.71,0.14188072640021357,0.13402692174911304
SSH,CL,0.72,0.143875616244647,0.13590165266642162
SSH,CL,0.73,0.14587036221347632,0.1377758347642398
SSH,CL,0.74,0.14786496231195545,0.13964947028222108
SSH,CL,0.75,0.14985941454548474,0.14152253952458665
SSH,CL,0.76,0.15185371691961183,0.14339505501620947
SSH,CL,0.77,0.1538478674400347,0.14526698367519725
SSH,CL,0.78,0.15584186411260298,0.147138339097954
SSH,CL,0.79,0.15783570494332,0.14900911416658577
SSH,CL,0.8,0.15982938793834545,0.1508792802221734
SSH,CL,0.81,0.16182291110399613,0.15274885113523926
SSH,CL,0.8200000000000001,0.1638162724467493,0.15461780490634242
SSH,CL,0.8300000000000001,0.1658094699732435,0.15648613651411977
SSH,CL,0.84,0.16780250169028163,0.15835385544080186
SSH,CL,0.85,0.16979536560483205,0.16022092360989257
SSH,CL,0.86,0.17178805972403105,0.16208736942607532
SSH,CL,0.87,0.17378058205518468,0.16395315712721004
SSH,CL,0.88,0.1757729306057706,0.16581828238726953
SSH,CL,0.89,0.17776510338344062,0.16768275460334317
SSH,CL,0.9,0.17975709839602208,0.16954655757880255
SSH,CL,0.91,0.18174891365152013,0.17140967907129703
SSH,CL,0.92,0.18374054715811974,0.1732721127851221
SSH,CL,0.93,0.1857319969241874,0.17513385016652586
SSH,CL,0.9400000000000001,0.18772326095827366,0.17699489934565718
SSH,CL,0.9500000000000001,0.18971433726911457,0.17885523276944054
SSH,CL,0.96,0.19170522386563416,0.18071484378448024
SSH,CL,0.97,0.19369591875694567,0.1825737396212787
SSH,CL,0.98,0.19568641995235467,0.18443190384548672
SSH,CL,0.99,0.19767672546136003,0.18628933788744004
SSH,CL,1.0,0.19966683329365634,0.1881460160896862
SSH,CR,0.0,0.0,1.4196960477961724e-20
SSH,CR,0.01,0.001999999666666684,0.0018940600231750438
SSH,CR,0.02,0.0039999973333338665,0.0037881133024734418
SSH,CR,0.03,0.00599999100000405,0.005682142314328804
SSH,CR,0.04,0.007999978666683732,0.0075761657875650455
SSH,CR,0.05,0.009999958333385421,0.009470151569291861
SSH,CR,0.06,0.011999928000129601,0.011364094981999131
SSH,CR,0.07,0.013999885666946784,0.01325799745619226
SSH,CR,0.08,0.01599982933387947,0.015151843442275026
SSH,CR,0.09,0.01799975700098414,0.01704563538559738
SSH,CR,0.1,0.01999966666833334,0.018939352199331218
SSH,CR,0.11,0.021999556336017516,0.020833000959531296
SSH,CR,0.12,0.023999424004147177,0.022726554907351985
SSH,CR,0.13,0.025999267672854858,0.024620030854376678
SSH,CR,0.14,0.027999085342297027,0.026513399208550396
SSH,CR,0.15,0.02999887501265618,0.028406665751759833
SSH,CR,0.16,0.03199863468414284,0.03029981501007885
SSH,CR,0.17,0.03399836235699745,0.032192843074580084
SSH,CR,0.18,0.03599805603149255,0.03408574825292124
SSH,CR,0.19,0.03799771370793464,0.03597851671221669
SSH,CR,0.2,0.03999733338666616,0.03787113294148491
SSH,CR,0.21,0.04199691306806766,0.03976360319607107
SSH,CR,0.22,0.04399645075255954,0.04165591815341821
SSH,CR,0.23,0.045995944440604376,0.04354806413195439
SSH,CR,0.24,0.0479953921327086,0.045440033279790994
SSH,CR,0.25,0.04999479182942467,0.04733182144169569
SSH,CR,0.26,0.051994141531353066,0.04922342159046043
SSH,CR,0.27,0.05399343923914431,0.051114824013343337
SSH,CR,0.28,0.05599268295350079,0.053006020845095474
SSH,CR,0.29,0.05799187067517896,0.054897002973548534
SSH,CR,0.3,0.05999100040499133,0.0567877667465929
SSH,CR,0.31,0.061990070143808265,0.058678308649234616
SSH,CR,0.32,0.06398907789256023,0.06056861559360516
SSH,CR,0.33,0.06598802165223963,0.06245867394417791
SSH,CR,0.34,0.06798689942390289,0.0643484908868194
SSH,CR,0.35000000000000003,0.0699857092086724,0.06623804152147758
SSH,CR,0.36,0.07198444900773848,0.06812733442460035
SSH,CR,0.37,0.07398311682236161,0.07001634783579042
SSH,CR,0.38,0.07598171065387403,0.07190508994070029
SSH,CR,0.39,0.07798022850368219,0.07379353875408455
SSH,CR,0.4,0.07997866837326831,0.07568168709714994
SSH,CR,0.41000000000000003,0.08197702826419273,0.07756954299821824
SSH,CR,0.42,0.08397530617809569,0.07945708421171274
SSH,CR,0.43,0.0859735001166995,0.08134430919966952
SSH,CR,0.44,0.08797160808181038,0.08323120064931278
SSH,CR,0.45,0.08996962807532048,0.08511777180111553
SSH,CR,0.46,0.09196755809921,0.08700399741222761
SSH,CR,0.47000000000000003,0.0939653961555491,0.08888986657683538
SSH,CR,0.48,0.09596314024649984,0.09077539346913896
SSH,CR,0.49,0.09796078837431835,0.09266055537058984
SSH,CR,0.5,0.09995833854135669,0.09454533840146238
SSH,CR,0.51,0.10195578875006477,0.09642975144976745
SSH,CR,0.52,0.10395313700299261,0.09831376915910982
SSH,CR,0.53,0.10595038130279212,0.10019740451772086
SSH,CR,0.54,0.1079475196522191,0.10208062944979288
SSH,CR,0.55,0.10994455005413549,0.10396344939781191
SSH,CR,0.56,0.111941470511511,0.10584584989804983
SSH,CR,0.5700000000000001,0.11393827902742526,0.10772784248007813
SSH,CR,0.58,0.11593497360506999,0.10960938837882817
SSH,CR,0.59,0.11793155224775079,0.11149049688817073
SSH,CR,0.6,0.1199280129588892,0.11337116706274625
SSH,CR,0.61,0.12192435374202462,0.11525138012496565
SSH,CR,0.62,0.12392057260081647,0.11713113280669091
SSH,CR,0.63,0.12591666753904607,0.11901042055054246
SSH,CR,0.64,0.12791263656061858,0.12088922582753141
SSH,CR,0.65,0.12990847766956523,0.12276754738321871
SSH,CR,0.66,0.13190418887004496,0.1246453835089815
SSH,CR,0.67,0.13389976816634686,0.1265227182745456
SSH,CR,0.68,0.1358952135628918,0.1283995438222996
SSH,CR,0.6900000000000001,0.13789052306423447,0.1302758590094528
SSH,CR,0.7000000000000001,0.13988569467506554,0.13215165118895134
SSH,CR,0.71,0.14188072640021357,0.13402692020917747
SSH,CR,0.72,0.14387561624464704,0.13590164775599667
SSH,CR,0.73,0.1458703622134763,0.13777583164032228
SSH,CR,0.74,0.14786496231195548,0.13964946708944723
SSH,CR,0.75,0.14985941454548474,0.14152253546527357
SSH,CR,0.76,0.15185371691961183,0.14339505269598815
SSH,CR,0.77,0.15384786744003476,0.14526698287849246
SSH,CR,0.78,0.15584186411260298,0.14713833830514234
SSH,CR,0.79,0.15783570494332008,0.14900911209534728
SSH,CR,0.8,0.15982938793834542,0.150879276474134
SSH,CR,0.81,0.16182291110399613,0.15274884326691382
SSH,CR,0.8200000000000001,0.16381627244674923,0.15461780106233192
SSH,CR,0.8300000000000001,0.16580946997324345,0.15648613976531708
SSH,CR,0.84,0.1678025016902816,0.15835385138228464
SSH,CR,0.85,0.16979536560483205,0.16022093061786072
SSH,CR,0.86,0.17178805972403097,0.1620873623160476
SSH,CR,0.87,0.17378058205518468,0.16395315685483544
SSH,CR,0.88,0.17577293060577062,0.16581828729827566
SSH,CR,0.89,0.17776510338344062,0.1676827547940847
SSH,CR,0.9,0.17975709839602208,0.16954655874506738
SSH,CR,0.91,0.18174891365152018,0.17140967570671137
SSH,CR,0.92,0.18374054715811974,0.1732721067726547
SSH,CR,0.93,0.18573199692418743,0.1751338469366262
SSH,CR,0.9400000000000001,0.18772326095827363,0.17699488917489278
SSH,CR,0.9500000000000001,0.18971433726911455,0.1788552268835391
SSH,CR,0.96,0.1917052238656341,0.18071484721411715
SSH,CR,0.97,0.1936959187569457,0.18257374116166258
SSH,CR,0.98,0.19568641995235467,0.18443190103563883
SSH,CR,0.99,0.19767672546135995,0.18628932906282988
SSH,CR,1.0,0.1996668332936564,0.18814601323508978
SSH,Cdiag,0.0,0.0,1.4196960477961724e-20
SSH,Cdiag,0.01,0.0013999998856666703,0.0013258341132629725
SSH,Cdiag,0.02,0.0027999990853334227,0.002651681988883104
SSH,Cdiag,0.03,0.004199996913000682,0.003977515431850749
SSH,Cdiag,0.04,0.0055999926826695344,0.005303329466149486
SSH,Cdiag,0.05,0.006999985708342092,0.006629153514673221
SSH,Cdiag,0.06,0.008399975304021782,0.00795495348306972
SSH,Cdiag,0.07,0.009799960783713747,0.009280755483121255
SSH,Cdiag,0.08,0.011199941461425118,0.010606522200790409
SSH,Cdiag,0.09,0.01259991665116541,0.011932273320274592
SSH,Cdiag,0.1,0.013999885666946784,0.01325800123645846
SSH,Cdiag,0.11,0.015399847822784465,0.014583698510114854
SSH,Cdiag,0.12,0.01679980243269702,0.015909366672490377
SSH,Cdiag,0.13,0.018199748810706733,0.017235007878913654
SSH,Cdiag,0.14,0.01959968627083987,0.018560618115589924
SSH,Cdiag,0.15,0.02099961412712714,0.019886179642235782
SSH,Cdiag,0.16,0.022399531693603897,0.021211719938298526
SSH,Cdiag,0.17,0.02379943828431058,0.02253720468487926
SSH,Cdiag,0.18,0.025199333213292967,0.02386265014187091
SSH,Cdiag,0.19,0.026599215794602615,0.025188050958885
SSH,Cdiag,0.2,0.02799908534229703,0.026513390923390504
SSH,Cdiag,0.21,0.029398941170440177,0.0278386966512404
SSH,Cdiag,0.22,0.03079878259310276,0.029163940420730915
SSH,Cdiag,0.23,0.032198608924362486,0.03048912093318521
SSH,Cdiag,0.24,0.03359841947830449,0.0318142454060941
SSH,Cdiag,0.25,0.03499821356902161,0.03313931366629374
SSH,Cdiag,0.26,0.03639799051061478,0.03446431440629675
SSH,Cdiag,0.27,0.03779774961719336,0.03578924250360034
SSH,Cdiag,0.28,0.03919749020287533,0.0371141027889651
SSH,Cdiag,0.29,0.040597211581787924,0.03843889549748596
SSH,Cdiag,0.3,0.041996913068067646,0.03976360551239649
SSH,Cdiag,0.31,0.0433965939758608,0.04108824492650082
SSH,Cdiag,0.32,0.04479625361932376,0.04241279445937736
SSH,Cdiag,0.33,0.046195891312623374,0.04373726493518681
SSH,Cdiag,0.34,0.047595506369937174,0.04506165251800023
SSH,Cdiag,0.35000000000000003,0.04899509810545377,0.04638594559079964
SSH,Cdiag,0.36,0.050394665833373285,0.047710149773282216
SSH,Cdiag,0.37,0.05179420886790757,0.049034262089026406
SSH,Cdiag,0.38,0.05319372652328051,0.050358283298305884
SSH,Cdiag,0.39,0.05459321811372852,0.05168220617524284
SSH,Cdiag,0.4,0.055992682953500815,0.05300601769582812
SSH,Cdiag,0.41000000000000003,0.05739212035685951,0.054329733295903064
SSH,Cdiag,0.42,0.05879152963808041,0.055653330526907206
SSH,Cdiag,0.43,0.060190910111452924,0.05697683154839367
SSH,Cdiag,0.44,0.061590261091280754,0.058300214602424884
SSH,Cdiag,0.45,0.06298958189188185,0.05962349173169628
SSH,Cdiag,0.46,0.06438887182758908,0.06094664751309629
SSH,Cdiag,0.47000000000000003,0.06578813021275037,0.062269680104526326
SSH,Cdiag,0.48,0.06718735636172919,0.06359259027643652
SSH,Cdiag,0.49,0.06858654958890481,0.06491538237230855
SSH,Cdiag,0.5,0.06998570920867242,0.06623804636084771
SSH,Cdiag,0.51,0.07138483453544392,0.06756057172989832
SSH,Cdiag,0.52,0.07278392488364795,0.06888296757052731
SSH,Cdiag,0.53,0.0741829795677302,0.07020523257874288
SSH,Cdiag,0.54,0.07558199790215403,0.07152735523717768
SSH,Cdiag,0.55,0.07698097920140035,0.07284934002656583
SSH,Cdiag,0.56,0.07837992277996837,0.07417118454314531
SSH,Cdiag,0.5700000000000001,0.07977882795237586,0.07549288534755731
SSH,Cdiag,0.58,0.08117769403315925,0.07681443386291699
SSH,Cdiag,0.59,0.08257652033687414,0.07813583478556708
SSH,Cdiag,0.6,0.08397530617809573,0.07945708753311372
SSH,Cdiag,0.61,0.08537405087141893,0.0807781752969377
SSH,Cdiag,0.62,0.08677275373145903,0.08209910385640766
SSH,Cdiag,0.63,0.08817141407285148,0.08341987709019472
SSH,Cdiag,0.64,0.08957003121025277,0.08474048590047553
SSH,Cdiag,0.65,0.09096860445834054,0.08606092418534804
SSH,Cdiag,0.66,0.09236713313181401,0.08738119480799657
SSH,Cdiag,0.67,0.09376561654539406,0.0887012959487636
SSH,Cdiag,0.68,0.09516405401382393,0.09002123193411993
SSH,Cdiag,0.6900000000000001,0.09656244485186914,0.09134097520093713
SSH,Cdiag,0.7000000000000001,0.0979607883743184,0.09266055269227065
SSH,Cdiag,0.71,0.09935908389598329,0.09397994022137406
SSH,Cdiag,0.72,0.100757330731699,0.0952991467605299
SSH,Cdiag,0.73,0.10215552819632472,0.0966181697533893
SSH,Cdiag,0.74,0.10355367560474367,0.09793699790245836
SSH,Cdiag,0.75,0.10495177227186366,0.09925563776823516
SSH,Cdiag,0.76,0.10634981751261727,0.10057408033379842
SSH,Cdiag,0.77,0.10774781064196248,0.10189232922431035
SSH,Cdiag,0.78,0.1091457509748826,0.10321037186288694
SSH,Cdiag,0.79,0.11054363782638692,0.1045282195181644
SSH,Cdiag,0.8,0.11194147051151097,0.10584586203584906
SSH,Cdiag,0.81,0.11333924834531671,0.10716329242363076
SSH,Cdiag,0.8200000000000001,0.114736970642893,0.10848051418485673
SSH,Cdiag,0.8300000000000001,0.11613463671935596,0.109797523384348
SSH,Cdiag,0.84,0.1175322458898492,0.11111431646230102
SSH,Cdiag,0.85,0.11892979746954442,0.11243089718915553
SSH,Cdiag,0.86,0.12032729077364113,0.11374724370326515
SSH,Cdiag,0.87,0.12172472511736787,0.11506338602838179
SSH,Cdiag,0.88,0.12312209981598171,0.1163792913898093
SSH,Cdiag,0.89,0.12451941418476914,0.1176949721235235
SSH,Cdiag,0.9,0.12591666753904607,0.11901041843285538
SSH,Cdiag,0.91,0.12731385919415844,0.12032563457056084
SSH,Cdiag,0.92,0.12871098846548235,0.12164061436098737
SSH,Cdiag,0.93,0.13010805466842446,0.12295536039598023
SSH,Cdiag,0.9400000000000001,0.13150505711842242,0.1242698592415667
SSH,Cdiag,0.9500000000000001,0.132901995130945,0.12558411444812984
SSH,Cdiag,0.96,0.13429886802149266,0.12689811600526554
SSH,Cdiag,0.97,0.13569567510559763,0.12821188508025388
SSH,Cdiag,0.98,0.13709241569882455,0.12952539127540083
SSH,Cdiag,0.99,0.1384890891167704,0.13083865530082783
SSH,Cdiag,1.0,0.1398856946750656,0.1321516552651768
SSH,Canti,0.0,0.0,1.4196960477961724e-20
SSH,Canti,0.01,0.00379999771366708,0.0035987044313129423
SSH,Canti,0.02,0.007599981709346537,0.0071973576328593835
SSH,Canti,0.03,0.01139993826910028,0.010795917767771007
SSH,Canti,0.04,0.015199853675089255,0.01439431545873958
SSH,Canti,0.05,0.018999714209622962,0.01799249708304487
SSH,Canti,0.06,0.022799506155209016,0.021590436646565046
SSH,Canti,0.07,0.026599215794602605,0.025188054659483726
SSH,Canti,0.08,0.03039882941085606,0.02878530558125531
SSH,Canti,0.09,0.03419833328736837,0.032382144897702005
SSH,Canti,0.1,0.03799771370793463,0.03597850808850519
SSH,Canti,0.11,0.041796956956795694,0.03957436240692603
SSH,Canti,0.12,0.0455960493186875,0.04316964320835395
SSH,Canti,0.13,0.0493949770788908,0.04676430689617705
SSH,Canti,0.14,0.05319372652328052,0.05035828273612331
SSH,Canti,0.15,0.05699228393837523,0.05395154128397313
SSH,Canti,0.16,0.0607906356113868,0.05754401331904924
SSH,Canti,0.17,0.06458876783026986,0.06113565019002456
SSH,Canti,0.18,0.06838666688377121,0.06472641976434998
SSH,Canti,0.19,0.07218431906147936,0.06831624627283187
SSH,Canti,0.2,0.07598171065387409,0.07190508886411699
SSH,Canti,0.21,0.07977882795237584,0.07549289070733854
SSH,Canti,0.22,0.08357565724939538,0.07907960155635674
SSH,Canti,0.23,0.08737218483838298,0.08266517004882624
SSH,Canti,0.24,0.09116839701387819,0.08624955072306995
SSH,Canti,0.25,0.0949642800715592,0.08983267486646095
SSH,Canti,0.26,0.09875982030829233,0.09341451189685272
SSH,Canti,0.27,0.10255500402218137,0.0969949892529953
SSH,Canti,0.28,0.10634981751261725,0.1005740742455238
SSH,Canti,0.29,0.11014424708032745,0.10415170823254317
SSH,Canti,0.3,0.11393827902742527,0.1077278349860314
SSH,Canti,0.31,0.11773189965745952,0.11130241500256922
SSH,Canti,0.32,0.1215250952754639,0.11487538034954481
SSH,Canti,0.33,0.1253178521880063,0.11844668343331942
SSH,Canti,0.34,0.12911015670323836,0.12201628109744543
SSH,Canti,0.35000000000000003,0.13290199513094494,0.125584112962867
SSH,Canti,0.36,0.13669335378259348,0.12915012750813004
SSH,Canti,0.37,0.14048421897138333,0.1327142928641925
SSH,Canti,0.38,0.14427457701229526,0.1362765272703349
SSH,Canti,0.39,0.14806441422214076,0.13983679614428124
SSH,Canti,0.4,0.15185371691961183,0.1433950571552577
SSH,Canti,0.41000000000000003,0.15564247142532972,0.14695123139165148
SSH,Canti,0.42,0.15943066406189468,0.15050529454179784
SSH,Canti,0.43,0.16321828115393566,0.15405717965819943
SSH,Canti,0.44,0.1670053090281589,0.15760684074798767
SSH,Canti,0.45,0.17079173401339792,0.16115422775322363
SSH,Canti,0.46,0.1745775424406626,0.16469928195135167
SSH,Canti,0.47000000000000003,0.1783627206431886,0.16824196856013232
SSH,Canti,0.48,0.18214725495648687,0.17178222193762543
SSH,Canti,0.49,0.18593113171839257,0.1753199850126098
SSH,Canti,0.5,0.1897143372691146,0.17885522723764252
SSH,Canti,0.51,0.1934968579512852,0.18238787741004064
SSH,Canti,0.52,0.19727868011000874,0.18591790543678183
SSH,Canti,0.53,0.2010597900929113,0.18944524762596396
SSH,Canti,0.54,0.2048401742501899,0.19296984768905107
SSH,Canti,0.55,0.2086198189346621,0.19649166359733475
SSH,Canti,0.56,0.21239871050181433,0.20001064695612428
SSH,Canti,0.5700000000000001,0.2161768353098524,0.20352673744600966
SSH,Canti,0.58,0.21995417971974981,0.20703988504772453
SSH,Canti,0.59,0.22373073009529715,0.21055004242977465
SSH,Canti,0.6,0.2275064728031519,0.21405716888383353
SSH,Canti,0.61,0.23128139421288696,0.2175611975536512
SSH,Canti,0.62,0.23505548069704013,0.22106208839285385
SSH,Canti,0.63,0.23882871863116306,0.2245597802610986
SSH,Canti,0.64,0.2426010943938712,0.22805423578460574
SSH,Canti,0.65,0.24637259436689216,0.2315453985515697
SSH,Canti,0.66,0.2501432049351149,0.2350332182832463
SSH,Canti,0.67,0.25391291248663944,0.2385176420384716
SSH,Canti,0.68,0.2576817034128258,0.24199862128803387
SSH,Canti,0.6900000000000001,0.2614495641083425,0.24547611043694695
SSH,Canti,0.7000000000000001,0.2652164809712169,0.2489500469792274
SSH,Canti,0.71,0.268982440402883,0.252420386697422
SSH,Canti,0.72,0.2727474288082313,0.2558870945465032
SSH,Canti,0.73,0.27651143259565764,0.25935010149657095
SSH,Canti,0.74,0.28027443817711284,0.26280936271471783
SSH,Canti,0.75,0.2840364319681506,0.26626482421783976
SSH,Canti,0.76,0.2877974003879773,0.2697164451911139
SSH,Canti,0.77,0.29155732985950106,0.2731641615136737
SSH,Canti,0.78,0.2953162068093808,0.2766079576763167
SSH,Canti,0.79,0.29907401766807473,0.2800477398147262
SSH,Canti,0.8,0.3028307488698896,0.28348348497820186
SSH,Canti,0.81,0.30658638685302997,0.2869151321581406
SSH,Canti,0.8200000000000001,0.3103409180596467,0.29034263884617895
SSH,Canti,0.8300000000000001,0.31409432893588635,0.2937659584744211
SSH,Canti,0.84,0.31784660593193953,0.2971850289122372
SSH,Canti,0.85,0.32159773550209053,0.3005998049053935
SSH,Canti,0.86,0.32534770410476577,0.30401024545999633
SSH,Canti,0.87,0.3290964982025824,0.3074163016872796
SSH,Canti,0.88,0.3328441042623978,0.31081791619487575
SSH,Canti,0.89,0.3365905087553584,0.3142150361110998
SSH,Canti,0.9,0.34033569815694786,0.3176076095651888
SSH,Canti,0.91,0.34407965894703674,0.32099562191037545
SSH,Canti,0.92,0.3478223776099305,0.3243789823850831
SSH,Canti,0.93,0.35156384063441876,0.32775765745085467
SSH,Canti,0.9400000000000001,0.35530403451382403,0.33113161815171416
SSH,Canti,0.9500000000000001,0.3590429457460507,0.3345007825299235
SSH,Canti,0.96,0.36278056083363297,0.337865116915901
SSH,Canti,0.97,0.36651686628378477,0.3412245677005267
SSH,Canti,0.98,0.3702518486084473,0.34457909076473353
SSH,Canti,0.99,0.3739854943243385,0.34792865141433343
SSH,Canti,1.0,0.37771778995300104,0.3512731853969895
BBH,Cx,0.0,0.0,1.4196960477961724e-20
BBH,Cx,0.01,9.999999995833336e-05,9.999805574074298e-05
BBH,Cx,0.02,0.00019999999966666666,0.00019999999954300942
BBH,Cx,0.03,0.000299999998875,0.00029999282390677143
BBH,Cx,0.04,0.0003999999973333333,0.00039998895492024427
BBH,Cx,0.05,0.0004999999947916666,0.0004999956520655458
BBH,Cx,0.06,0.0005999999910000002,0.0005999982257354706
BBH,Cx,0.07,0.0006999999857083337,0.0006999705604680688
BBH,Cx,0.08,0.0007999999786666669,0.0007999656637668341
BBH,Cx,0.09,0.0008999999696250003,0.0008999784646216778
BBH,Cx,0.1,0.0009999999583333338,0.000999988519988778
BBH,Cx,0.11,0.0010999999445416677,0.0010999914068523613
BBH,Cx,0.12,0.0011999999280000008,0.0011999928122128536
BBH,Cx,0.13,0.001299999908458335,0.0012999956300601215
BBH,Cx,0.14,0.0013999998856666694,0.0013999995427808206
BBH,Cx,0.15,0.0014999998593750038,0.0014999994376265731
BBH,Cx,0.16,0.0015999998293333387,0.0015999973297562994
BBH,Cx,0.17,0.0016999997952916737,0.0016999975500662586
BBH,Cx,0.18,0.0017999997570000094,0.0017999536030978002
BBH,Cx,0.19,0.0018999997142083462,0.0018999952271801582
BBH,Cx,0.2,0.001999999666666683,0.001999957884345115
BBH,Cx,0.21,0.002099999614125021,0.0020999966260372032
BBH,Cx,0.22,0.0021999995563333594,0.0021999956618094997
BBH,Cx,0.23,0.002299999493041701,0.0022999958745875586
BBH,Cx,0.24,0.002399999424000041,0.0023999944048797794
BBH,Cx,0.25,0.0024999993489583836,0.0024999920495342885
BBH,Cx,0.26,0.0025999992676667286,0.0025999942710914375
BBH,Cx,0.27,0.0026999991798750747,0.002699971808670161
BBH,Cx,0.28,0.0027999990853334244,0.0027999912744703422
BBH,Cx,0.29,0.0028999989837917737,0.002899990659517038
BBH,Cx,0.3,0.0029999988750001264,0.0029999937494019327
BBH,Cx,0.31,0.0030999987587084824,0.003099966972873884
BBH,Cx,0.32,0.003199998634666841,0.0031999717404882872
BBH,Cx,0.33,0.003299998502625204,0.0032999885436746806
BBH,Cx,0.34,0.0033999983623335694,0.003399979069814438
BBH,Cx,0.35000000000000003,0.0034999982135419405,0.0034999928541810162
BBH,Cx,0.36,0.003599998056000315,0.003599972364554971
BBH,Cx,0.37,0.003699997889458694,0.003699970490228432
BBH,Cx,0.38,0.003799997713667079,0.003799987501692879
BBH,Cx,0.39,0.00389999752837547,0.00389997712162436
BBH,Cx,0.4,0.003999997333333866,0.003999959845716196
BBH,Cx,0.41000000000000003,0.00409999712829227,0.004099961678551374
BBH,Cx,0.42,0.004199996913000681,0.004199969655086128
BBH,Cx,0.43,0.0042999966872091,0.004299972800317122
BBH,Cx,0.44,0.004399996450667525,0.004399981218575377
BBH,Cx,0.45,0.004499996203125961,0.004499965971941248
BBH,Cx,0.46,0.0045999959443344075,0.004599972493353672
BBH,Cx,0.47000000000000003,0.004699995674042862,0.004699979324408255
BBH,Cx,0.48,0.004799995392001329,0.004799961750843034
BBH,Cx,0.49,0.004899995097959803,0.00489995992163899
BBH,Cx,0.5,0.004999994791668295,0.00499994710278963
BBH,Cx,0.51,0.005099994472876798,0.005099973351585498
BBH,Cx,0.52,0.005199994141335316,0.005199951798827862
BBH,Cx,0.53,0.005299993796793845,0.005299953443308891
BBH,Cx,0.54,0.005399993439002391,0.005399957004924144
BBH,Cx,0.55,0.005499993067710955,0.0054999512510568015
BBH,Cx,0.56,0.005599992682669535,0.005599969360965225
BBH,Cx,0.5700000000000001,0.005699992283628135,0.0056999691345928655
BBH,Cx,0.58,0.0057999918703367515,0.00579996748140056
BBH,Cx,0.59,0.0058999914425453895,0.00589996301054043
BBH,Cx,0.6,0.0059999910000040485,0.005999962066020232
BBH,Cx,0.61,0.006099990542462733,0.006099946592779411
BBH,Cx,0.62,0.006199990069671437,0.006199959564398852
BBH,Cx,0.63,0.006299989581380167,0.006299958325596305
BBH,Cx,0.64,0.006399989077338928,0.006399951897932485
BBH,Cx,0.65,0.0064999885572977105,0.006499931192874446
BBH,Cx,0.66,0.006599988021006524,0.006599950568707692
BBH,Cx,0.67,0.006699987468215366,0.006699933689834886
BBH,Cx,0.68,0.00679998689867424,0.00679994759479575
BBH,Cx,0.6900000000000001,0.006899986312133148,0.006899938820337123
BBH,Cx,0.7000000000000001,0.0069999857083420875,0.006999939344487619
BBH,Cx,0.71,0.007099985087051064,0.007099939844585679
BBH,Cx,0.72,0.007199984448010078,0.007199930307417962
BBH,Cx,0.73,0.007299983790969132,0.007299928333672066
BBH,Cx,0.74,0.007399983115678225,0.0073999297401456336
BBH,Cx,0.75,0.007499982421887358,0.007499929687715013
BBH,Cx,0.76,0.007599981709346539,0.007599919133657781
BBH,Cx,0.77,0.007699980977805762,0.007699903158512911
BBH,Cx,0.78,0.0077999802270150385,0.007799910331689337
BBH,Cx,0.79,0.00789997945672436,0.007899915585543787
BBH,Cx,0.8,0.007999978666683734,0.007999910863809244
BBH,Cx,0.81,0.008099977856643159,0.008099905806709603
BBH,Cx,0.8200000000000001,0.008199977026352645,0.008199894819739408
BBH,Cx,0.8300000000000001,0.008299976175562182,0.008299900370490259
BBH,Cx,0.84,0.008399975304021782,0.008399901216352569
BBH,Cx,0.85,0.008499974411481441,0.008499884276581509
BBH,Cx,0.86,0.008599973497691166,0.00859988329496893
BBH,Cx,0.87,0.008699972562400958,0.008699881191375209
BBH,Cx,0.88,0.008799971605360817,0.008799885340792186
BBH,Cx,0.89,0.00889997062632075,0.008899869301003354
BBH,Cx,0.9,0.008999969625030755,0.008999874149969826
BBH,Cx,0.91,0.009099968601240835,0.009099866264557575
BBH,Cx,0.92,0.009199967554700997,0.009199867419276047
BBH,Cx,0.93,0.009299966485161232,0.009299863938145718
BBH,Cx,0.9400000000000001,0.009399965392371559,0.009399853853484342
BBH,Cx,0.9500000000000001,0.009499964276081971,0.009499848975702918
BBH,Cx,0.96,0.009599963136042469,0.00959984993928586
BBH,Cx,0.97,0.009699961972003061,0.00969984014954327
BBH,Cx,0.98,0.009799960783713743,0.009799843135420282
BBH,Cx,0.99,0.009899959570924533,0.009899838284293219
BBH,Cx,1.0,0.009999958333385418,0.009999833334169712
BBH,Cy,0.0,0.0,1.4196960477961724e-20
BBH,Cy,0.01,7.999999997866666e-05,3.9613960454392535e-14
BBH,Cy,0.02,0.0001599999998293333,1.1844173406380111e-14
BBH,Cy,0.03,0.00023999999942399996,3.7595867996330956e-14
BBH,Cy,0.04,0.0003199999986346667,9.235498413449679e-14
BBH,Cy,0.05,0.00039999999733333344,1.0840842377006529e-13
BBH,Cy,0.06,0.00047999999539199994,7.953652793947534e-14
BBH,Cy,0.07,0.000559999992682667,5.539264382874676e-15
BBH,Cy,0.08,0.0006399999890773335,4.261328783315305e-14
BBH,Cy,0.09,0.000719999984448,5.4199461219914466e-14
BBH,Cy,0.1,0.0007999999786666668,4.2981942554848695e-14
BBH,Cy,0.11,0.0008799999716053336,3.720752214157145e-14
BBH,Cy,0.12,0.0009599999631360004,1.7277557225430415e-14
BBH,Cy,0.13,0.0010399999531306675,6.697212975290588e-15
BBH,Cy,0.14,0.0011199999414613347,1.8792029729242025e-14
BBH,Cy,0.15,0.001199999928000001,4.314122184392475e-14
BBH,Cy,0.16,0.0012799999126186683,1.642270377332617e-14
BBH,Cy,0.17,0.0013599998951893363,1.1260441996500105e-14
BBH,Cy,0.18,0.001439999875584003,5.40754093395825e-14
BBH,Cy,0.19,0.001519999853674671,2.3928575596646618e-14
BBH,Cy,0.2,0.0015999998293333385,2.346563201493871e-13
BBH,Cy,0.21,0.0016799998024320073,7.760539034883567e-14
BBH,Cy,0.22,0.0017599997728426756,1.2392361171277615e-13
BBH,Cy,0.23,0.0018399997404373444,2.281498769138418e-14
BBH,Cy,0.24,0.0019199997050880135,1.2407655467508274e-13
BBH,Cy,0.25,0.001999999666666683,2.827112234601637e-15
BBH,Cy,0.26,0.002079999625045354,9.421844160890651e-15
BBH,Cy,0.27,0.002159999580096024,1.482813518472472e-13
BBH,Cy,0.28,0.002239999531690697,6.405050071205628e-14
BBH,Cy,0.29,0.002319999479701368,2.2057015026915177e-13
BBH,Cy,0.3,0.0023999994240000416,2.6201011281824754e-14
BBH,Cy,0.31,0.002479999364458716,7.39686144192825e-15
BBH,Cy,0.32,0.002559999300949391,4.3902279712440145e-14
BBH,Cy,0.33,0.002639999233344067,1.3847795915670584e-13
BBH,Cy,0.34,0.002719999161514745,3.655724501424143e-15
BBH,Cy,0.35000000000000003,0.0027999990853334236,1.949791466415717e-14
BBH,Cy,0.36,0.0028799990046721037,2.68186339703162e-14
BBH,Cy,0.37,0.0029599989194027863,1.2451141800640664e-13
BBH,Cy,0.38,0.0030399988293974695,1.032901532295216e-13
BBH,Cy,0.39,0.0031199987345281546,5.526984076587252e-14
BBH,Cy,0.4,0.003199998634666841,2.878859359155623e-14
BBH,Cy,0.41000000000000003,0.0032799985296855317,1.260095711457875e-13
BBH,Cy,0.42,0.003359998419456223,8.398300568425215e-14
BBH,Cy,0.43,0.003439998303850918,4.121209427428417e-14
BBH,Cy,0.44,0.003519998182741615,1.9955125712582093e-13
BBH,Cy,0.45,0.0035999980560003165,2.2733489777867186e-14
BBH,Cy,0.46,0.0036799979234990172,3.835092624565735e-14
BBH,Cy,0.47000000000000003,0.0037599977851097252,2.655579989321975e-14
BBH,Cy,0.48,0.003839997640704434,1.1351688705404298e-13
BBH,Cy,0.49,0.00391999749015515,5.007014963320547e-14
BBH,Cy,0.5,0.003999997333333866,3.5338799994971326e-14
BBH,Cy,0.51,0.004079997170112588,4.593336356154884e-14
BBH,Cy,0.52,0.0041599970003633165,9.648358321439122e-14
BBH,Cy,0.53,0.004239996823958047,1.2574220963949836e-13
BBH,Cy,0.54,0.004319996640768783,1.1120488814136857e-13
BBH,Cy,0.55,0.004399996450667525,1.0319958042783826e-13
BBH,Cy,0.56,0.004479996253526275,4.11884129012981e-14
BBH,Cy,0.5700000000000001,0.004559996049217028,1.7935423637344903e-14
BBH,Cy,0.58,0.004639995837611787,1.2230757990766944e-13
BBH,Cy,0.59,0.0047199956185825535,1.898108427413485e-14
BBH,Cy,0.6,0.004799995392001329,5.5772106832615206e-14
BBH,Cy,0.61,0.004879995157740108,1.345155833847568e-13
BBH,Cy,0.62,0.0049599949156708956,5.399945176708418e-14
BBH,Cy,0.63,0.005039994665665693,3.2442803298747863e-13
BBH,Cy,0.64,0.005119994407596498,4.9777737184459043e-14
BBH,Cy,0.65,0.005199994141335316,8.544397472321208e-14
BBH,Cy,0.66,0.005279993866754137,5.0752728681258864e-14
BBH,Cy,0.67,0.005359993583724971,8.359862785489613e-14
BBH,Cy,0.68,0.005439993292119816,1.849943697949992e-14
BBH,Cy,0.6900000000000001,0.005519992991810671,4.0690477660626665e-14
BBH,Cy,0.7000000000000001,0.005599992682669537,9.974533064343743e-14
BBH,Cy,0.71,0.005679992364568411,7.662163007123992e-15
BBH,Cy,0.72,0.0057599920373793,7.385960907138077e-14
BBH,Cy,0.73,0.005839991700974204,1.1094614191957095e-13
BBH,Cy,0.74,0.0059199913552251205,1.085276672200288e-13
BBH,Cy,0.75,0.0059999910000040485,3.852909288104472e-14
BBH,Cy,0.76,0.006079990635182995,9.294689942872996e-14
BBH,Cy,0.77,0.006159990260633953,8.671359144240143e-14
BBH,Cy,0.78,0.006239989876228927,5.881349175969571e-14
BBH,Cy,0.79,0.006319989481839918,6.713489299429295e-14
BBH,Cy,0.8,0.006399989077338928,1.3683740681448467e-13
BBH,Cy,0.81,0.0064799886625979495,7.889361422127195e-14
BBH,Cy,0.8200000000000001,0.006559988237488995,2.1989239830134645e-14
BBH,Cy,0.8300000000000001,0.0066399878018840565,2.1411073275924015e-14
BBH,Cy,0.84,0.0067199873556551375,7.655408668673978e-14
BBH,Cy,0.85,0.006799986898674238,1.1311007074363146e-13
BBH,Cy,0.86,0.006879986430813363,9.100709636901934e-15
BBH,Cy,0.87,0.006959985951944506,4.606656862044214e-14
BBH,Cy,0.88,0.007039985461939672,1.9340411195111862e-15
BBH,Cy,0.89,0.007119984960670863,5.83177803630002e-14
BBH,Cy,0.9,0.007199984448010078,9.729182913731334e-15
BBH,Cy,0.91,0.007279983923829317,1.5756496150890876e-13
BBH,Cy,0.92,0.007359983388000582,3.3453429477847383e-13
BBH,Cy,0.93,0.007439982840395876,1.0669572066093808e-13
BBH,Cy,0.9400000000000001,0.0075199822808871926,1.1228323271005548e-13
BBH,Cy,0.9500000000000001,0.007599981709346539,7.707552814545874e-15
BBH,Cy,0.96,0.007679981125645916,1.9081928408257232e-13
BBH,Cy,0.97,0.007759980529657321,7.032848032252829e-14
BBH,Cy,0.98,0.007839979921252758,1.1569897626385255e-13
BBH,Cy,0.99,0.00791997930030423,3.6170619919231196e-14
BBH,Cy,1.0,0.007999978666683732,3.6575503047176636e-14
BBH,Cdiag,0.0,0.0,1.4196960477961724e-20
BBH,Cdiag,0.01,0.001523154454632465,0.0005999917647086157
BBH,Cdiag,0.02,0.0030463079100232463,0.0011999936996394823
BBH,Cdiag,0.03,0.004569459366931737,0.0017999918566325146
BBH,Cdiag,0.04,0.006092607826119498,0.002399984005795131
BBH,Cdiag,0.05,0.0076157522883513185,0.0029999953599647083
BBH,Cdiag,0.06,0.009138891754396318,0.0035999918354231507
BBH,Cdiag,0.07,0.010662025225029006,0.004199976354933224
BBH,Cdiag,0.08,0.01218515170103038,0.004799981118860606
BBH,Cdiag,0.09,0.013708270183188986,0.0053999734865392114
BBH,Cdiag,0.1,0.015231379672302023,0.005999953391497435
BBH,Cdiag,0.11,0.016754479169176394,0.006599947746637975
BBH,Cdiag,0.12,0.018277567674629805,0.007199927402558629
BBH,Cdiag,0.13,0.019800644189491845,0.007799915339909469
BBH,Cdiag,0.14,0.02132370771460507,0.008399892268139898
BBH,Cdiag,0.15,0.022846757250826043,0.008999875918100078
BBH,Cdiag,0.16,0.02436979179902647,0.009599846280072351
BBH,Cdiag,0.17,0.02589281036009426,0.010199818529231809
BBH,Cdiag,0.18,0.02741581193493456,0.010799789569992882
BBH,Cdiag,0.19,0.028938795524470932,0.011399752459399625
BBH,Cdiag,0.2,0.030461760129646333,0.01199970474319512
BBH,Cdiag,0.21,0.03198470475142423,0.01259965799770361
BBH,Cdiag,0.22,0.03350762839078974,0.0131996074236298
BBH,Cdiag,0.23,0.03503053004875059,0.013799561992173384
BBH,Cdiag,0.24,0.03655340872633828,0.014399497218789099
BBH,Cdiag,0.25,0.038076263424609215,0.01499942860615569
BBH,Cdiag,0.26,0.03959909314464559,0.01559936363702931
BBH,Cdiag,0.27,0.04112189688755668,0.01619929002276294
BBH,Cdiag,0.28,0.04264467365447983,0.016799198781217207
BBH,Cdiag,0.29,0.04416742244658152,0.017399118735862956
BBH,Cdiag,0.3,0.04569014226505845,0.017999021588548995
BBH,Cdiag,0.31,0.047212832111138664,0.018598919138161748
BBH,Cdiag,0.32,0.048735490986082576,0.019198814902230268
BBH,Cdiag,0.33,0.05025811789118407,0.019798698805686184
BBH,Cdiag,0.34,0.0517807118277716,0.020398580160925165
BBH,Cdiag,0.35000000000000003,0.05330327179720922,0.02099844826971893
BBH,Cdiag,0.36,0.05482579680089772,0.0215983109101924
BBH,Cdiag,0.37,0.05634828584027567,0.022198167342777488
BBH,Cdiag,0.38,0.05787073791682053,0.022798023864571953
BBH,Cdiag,0.39,0.05939315203204963,0.023397863535424585
BBH,Cdiag,0.4,0.060915527187521426,0.023997690613194282
BBH,Cdiag,0.41000000000000003,0.06243786238483642,0.024597509934847245
BBH,Cdiag,0.42,0.06396015662563834,0.02519733291668772
BBH,Cdiag,0.43,0.0654824089116151,0.02579713113434179
BBH,Cdiag,0.44,0.06700461824450005,0.026396923586423773
BBH,Cdiag,0.45,0.06852678362607291,0.026996713003759127
BBH,Cdiag,0.46,0.07004890405816092,0.02759648782996895
BBH,Cdiag,0.47000000000000003,0.07157097854263987,0.02819625232928015
BBH,Cdiag,0.48,0.07309300608143525,0.02879601766371831
BBH,Cdiag,0.49,0.07461498567652328,0.02939575279428439
BBH,Cdiag,0.5,0.07613691632993191,0.02999549999497654
BBH,Cdiag,0.51,0.07765879704374219,0.030595215773988785
BBH,Cdiag,0.52,0.07918062682008895,0.031194930498581113
BBH,Cdiag,0.53,0.08070240466116212,0.03179464032603115
BBH,Cdiag,0.54,0.08222412956920779,0.0323943244058584
BBH,Cdiag,0.55,0.08374580054652929,0.03299400283409914
BBH,Cdiag,0.56,0.0852674165954881,0.033593668720600926
BBH,Cdiag,0.5700000000000001,0.08678897671850533,0.034193326281506654
BBH,Cdiag,0.58,0.08831047991806219,0.034792970747568076
BBH,Cdiag,0.59,0.08983192519670175,0.035392597532502366
BBH,Cdiag,0.6,0.09135331155702944,0.03599222450386991
BBH,Cdiag,0.61,0.09287463800171449,0.03659182810703378
BBH,Cdiag,0.62,0.09439590353349088,0.03719141344070886
BBH,Cdiag,0.63,0.09591710715515839,0.03779099051515805
BBH,Cdiag,0.64,0.09743824786958374,0.03839055692052888
BBH,Cdiag,0.65,0.09895932467970159,0.0389901054001039
BBH,Cdiag,0.66,0.10048033658851577,0.03958964614930585
BBH,Cdiag,0.67,0.1020012825991002,0.040189169522118574
BBH,Cdiag,0.68,0.1035221617146,0.04078867984852723
BBH,Cdiag,0.6900000000000001,0.10504297293823274,0.041388174689452335
BBH,Cdiag,0.7000000000000001,0.10656371527328914,0.041987643778951575
BBH,Cdiag,0.71,0.10808438772313456,0.04258711105579377
BBH,Cdiag,0.72,0.10960498929120986,0.04318655935716466
BBH,Cdiag,0.73,0.11112551898103248,0.043785991412044055
BBH,Cdiag,0.74,0.11264597579619759,0.04438540800714772
BBH,Cdiag,0.75,0.11416635874037905,0.044984809667853926
BBH,Cdiag,0.76,0.11568666681733072,0.045584189301771966
BBH,Cdiag,0.77,0.11720689903088725,0.04618356178651853
BBH,Cdiag,0.78,0.11872705438496546,0.04678291408202952
BBH,Cdiag,0.79,0.12024713188356498,0.04738224549916743
BBH,Cdiag,0.8,0.12176713053076982,0.047981561556588226
BBH,Cdiag,0.81,0.12328704933074916,0.04858086072065866
BBH,Cdiag,0.8200000000000001,0.12480688728775852,0.049180145758021654
BBH,Cdiag,0.8300000000000001,0.12632664340614072,0.049779411129774444
BBH,Cdiag,0.84,0.1278463166903271,0.05037866478818492
BBH,Cdiag,0.85,0.12936590614483864,0.05097788605180265
BBH,Cdiag,0.86,0.13088541077428678,0.05157709392760019
BBH,Cdiag,0.87,0.13240482958337468,0.05217629367578504
BBH,Cdiag,0.88,0.13392416157689846,0.052775469618974676
BBH,Cdiag,0.89,0.13544340575974778,0.053374623516626536
BBH,Cdiag,0.9,0.13696256113690752,0.053973758537769374
BBH,Cdiag,0.91,0.13848162671345837,0.05457286984230018
BBH,Cdiag,0.92,0.1400006014945782,0.05517196841081533
BBH,Cdiag,0.93,0.14151948448554283,0.055771040444784446
BBH,Cdiag,0.9400000000000001,0.14303827469172778,0.056370102953803326
BBH,Cdiag,0.9500000000000001,0.14455697111860832,0.056969135164123205
BBH,Cdiag,0.96,0.1460755727717614,0.057568154337008626
BBH,Cdiag,0.97,0.14759407865686644,0.05816714046994708
BBH,Cdiag,0.98,0.14911248777970632,0.05876611600802322
BBH,Cdiag,0.99,0.15063079914616856,0.059365065311570944
BBH,Cdiag,1.0,0.15214901176224627,0.05996400031916933
BBH,Canti,0.0,0.0,1.4196960477961724e-20
BBH,Canti,0.01,0.001523154454632465,0.0005999904255326718
BBH,Canti,0.02,0.0030463079100232463,0.0011999995238126983
BBH,Canti,0.03,0.004569459366931737,0.0017999888481644243
BBH,Canti,0.04,0.006092607826119497,0.002399988770419238
BBH,Canti,0.05,0.00761575228835132,0.002999989621648431
BBH,Canti,0.06,0.009138891754396321,0.0035999917014429015
BBH,Canti,0.07,0.010662025225029008,0.0041999817753611566
BBH,Canti,0.08,0.01218515170103038,0.004799981073234552
BBH,Canti,0.09,0.013708270183188986,0.005399967760567466
BBH,Canti,0.1,0.015231379672302021,0.00599995512951524
BBH,Canti,0.11,0.01675447916917639,0.006599951666642243
BBH,Canti,0.12,0.018277567674629805,0.007199930537019282
BBH,Canti,0.13,0.019800644189491852,0.007799920460981359
BBH,Canti,0.14,0.02132370771460507,0.00839989501859813
BBH,Canti,0.15,0.02284675725082604,0.008999878500490385
BBH,Canti,0.16,0.02436979179902647,0.009599849760069425
BBH,Canti,0.17,0.02589281036009426,0.010199822356603131
BBH,Canti,0.18,0.027415811934934562,0.010799784275864909
BBH,Canti,0.19,0.028938795524470935,0.011399752459399625
BBH,Canti,0.2,0.03046176012964633,0.011999702098522174
BBH,Canti,0.21,0.03198470475142424,0.012599662830951541
BBH,Canti,0.22,0.03350762839078974,0.013199607872517847
BBH,Canti,0.23,0.03503053004875059,0.013799561201367477
BBH,Canti,0.24,0.036553408726338284,0.014399494540244867
BBH,Canti,0.25,0.0380762634246092,0.014999428857717892
BBH,Canti,0.26,0.03959909314464557,0.01559936188467251
BBH,Canti,0.27,0.04112189688755668,0.01619929094355052
BBH,Canti,0.28,0.04264467365447983,0.016799209068016522
BBH,Canti,0.29,0.04416742244658152,0.017399118735862956
BBH,Canti,0.3,0.04569014226505845,0.017999027368407874
BBH,Canti,0.31,0.04721283211113867,0.018598918290212523
BBH,Canti,0.32,0.04873549098608257,0.01919881902312669
BBH,Canti,0.33,0.05025811789118405,0.01979869742253932
BBH,Canti,0.34,0.0517807118277716,0.020398575196464656
BBH,Canti,0.35000000000000003,0.05330327179720922,0.02099844936861235
BBH,Canti,0.36,0.05482579680089772,0.021598312652434223
BBH,Canti,0.37,0.05634828584027568,0.022198175869703293
BBH,Canti,0.38,0.057870737916820514,0.022798024072727706
BBH,Canti,0.39,0.05939315203204963,0.02339786084219077
BBH,Canti,0.4,0.060915527187521426,0.023997690613194282
BBH,Canti,0.41000000000000003,0.062437862384836416,0.024597515064249807
BBH,Canti,0.42,0.06396015662563832,0.025197323123170384
BBH,Canti,0.43,0.06548240891161508,0.02579713227537423
BBH,Canti,0.44,0.06700461824450005,0.026396925326518487
BBH,Canti,0.45,0.06852678362607291,0.026996708920633394
BBH,Canti,0.46,0.07004890405816092,0.02759648832477495
BBH,Canti,0.47000000000000003,0.07157097854263987,0.028196256563051882
BBH,Canti,0.48,0.07309300608143524,0.0287960179504107
BBH,Canti,0.49,0.07461498567652328,0.029395755859984316
BBH,Canti,0.5,0.07613691632993191,0.02999549619699982
BBH,Canti,0.51,0.07765879704374219,0.030595213611234455
BBH,Canti,0.52,0.07918062682008895,0.031194937159937937
BBH,Canti,0.53,0.0807024046611621,0.031794635178225755
BBH,Canti,0.54,0.08222412956920777,0.032394321325688834
BBH,Canti,0.55,0.08374580054652929,0.032994002625237114
BBH,Canti,0.56,0.0852674165954881,0.03359367743776472
BBH,Canti,0.5700000000000001,0.08678897671850531,0.03419332420515604
BBH,Canti,0.58,0.08831047991806219,0.03479297552912462
BBH,Canti,0.59,0.08983192519670173,0.035392599089507364
BBH,Canti,0.6,0.09135331155702944,0.035992223731659986
BBH,Canti,0.61,0.0928746380017145,0.03659182094005045
BBH,Canti,0.62,0.09439590353349087,0.03719141344070886
BBH,Canti,0.63,0.09591710715515839,0.03779099793134337
BBH,Canti,0.64,0.09743824786958374,0.03839056237391517
BBH,Canti,0.65,0.0989593246797016,0.03899010239064369
BBH,Canti,0.66,0.10048033658851575,0.03958964445556942
BBH,Canti,0.67,0.10200128259910018,0.04018916409461166
BBH,Canti,0.68,0.1035221617146,0.04078868139011196
BBH,Canti,0.6900000000000001,0.10504297293823274,0.04138816884964296
BBH,Canti,0.7000000000000001,0.10656371527328914,0.041987643778951575
BBH,Canti,0.71,0.10808438772313456,0.04258711016696162
BBH,Canti,0.72,0.10960498929120986,0.04318655935716466
BBH,Canti,0.73,0.11112551898103247,0.04378598708109353
BBH,Canti,0.74,0.11264597579619759,0.04438541058129505
BBH,Canti,0.75,0.11416635874037905,0.04498480561036195
BBH,Canti,0.76,0.11568666681733072,0.04558419809163712
BBH,Canti,0.77,0.11720689903088725,0.04618356152753121
BBH,Canti,0.78,0.11872705438496547,0.04678291769729777
BBH,Canti,0.79,0.12024713188356498,0.047382246321412316
BBH,Canti,0.8,0.1217671305307698,0.04798156496772354
BBH,Canti,0.81,0.12328704933074916,0.04858086269499932
BBH,Canti,0.8200000000000001,0.1248068872877585,0.04918014644077246
BBH,Canti,0.8300000000000001,0.1263266434061407,0.04977941022964146
BBH,Canti,0.84,0.1278463166903271,0.05037866412249488
BBH,Canti,0.85,0.12936590614483864,0.05097788351597607
BBH,Canti,0.86,0.13088541077428678,0.05157709594393928
BBH,Canti,0.87,0.13240482958337468,0.05217629321487746
BBH,Canti,0.88,0.13392416157689846,0.052775468578865635
BBH,Canti,0.89,0.13544340575974778,0.053374616326898605
BBH,Canti,0.9,0.13696256113690755,0.053973759437799224
BBH,Canti,0.91,0.13848162671345837,0.054572872028564576
BBH,Canti,0.92,0.1400006014945782,0.05517196968047928
BBH,Canti,0.93,0.14151948448554286,0.0557710393400607
BBH,Canti,0.9400000000000001,0.14303827469172778,0.056370091697717555
BBH,Canti,0.9500000000000001,0.14455697111860832,0.05696913551988175
BBH,Canti,0.96,0.14607557277176142,0.05756815268951791
BBH,Canti,0.97,0.14759407865686644,0.058167147297525694
BBH,Canti,0.98,0.14911248777970634,0.058766120885255325
BBH,Canti,0.99,0.1506307991461686,0.05936506726095112
BBH,Canti,1.0,0.15214901176224627,0.05996400548152936
