model,orientation,center_theta1_over_pi,center_theta2_over_pi,radius_over_pi,n_points,D_loc_strict,D_loc_swap,ep_exact,arg_det,max_abs_phase,eigphase_1,eigphase_2,eigphase_3,eigphase_4,schmidt_1,schmidt_2,schmidt_3,schmidt_4
BBH,+,1.0,1.0,0.05,121,0.0012294373302861354,0.0012294373302861354,3.358923133214533e-07,-5.283967707825353e-15,0.009439513191817836,-0.009439513191817836,-0.00329665881925434,0.003296658819251055,0.009439513191816351,1.9999996221209655,0.0012169099162412998,0.00017506070580329555,1.065165742575732e-07
BBH,+,1.0,1.0,0.1,121,0.005639209514484244,0.005639209514484244,7.066747204150421e-06,7.216449660063516e-16,0.036213880057368454,-0.03621388005736594,-0.013925507739765027,0.013925507739763974,0.036213880057368454,1.9999920498290151,0.005576190839596469,0.000840661031443053,2.3438524886114427e-06
BBH,+,1.0,1.0,0.15,121,0.013393725147839102,0.013393725147839102,3.9862567285226585e-05,-2.0122792321330962e-15,0.07571506757945891,-0.07571506757945891,-0.03409223074644729,0.03409223074644503,0.0757150675794586,1.999955152031661,0.013164130371713169,0.0024688599537806125,1.6250561553050613e-05
BBH,+,1.0,1.0,0.175,121,0.01796774521875123,0.01796774521875123,7.173469491493654e-05,-4.163336342344338e-16,0.09798974764985884,-0.09798974764985825,-0.04881165112897302,0.04881165112897296,0.09798974764985884,1.999919290032939,0.017538363901057865,0.003903584756160927,3.423262644385405e-05
BBH,+,1.0,1.0,0.18,121,0.018878376800107278,0.018878376800107278,7.91893079653426e-05,2.192690473634684e-15,0.10249875155726164,-0.10249875155726007,-0.05219041345762531,0.05219041345762648,0.10249875155726164,1.9999109017223495,0.018391449537955507,0.004258899161438278,3.9165409292941385e-05
BBH,+,1.0,1.0,0.185,121,0.019776028361988916,0.019776028361988916,8.689811398558214e-05,4.440892098500627e-16,0.10700022469270225,-0.10700022469270119,-0.055723926610934345,0.05572392661093353,0.10700022469270225,1.9999022271755518,0.01922361742275969,0.0046402889929167855,4.46037506833182e-05
BBH,+,1.0,1.0,0.19,121,0.020655298396625717,0.020655298396625717,9.479598127616463e-05,-3.108624468950438e-15,0.11148219151793909,-0.11148219151793909,-0.05941641836227375,0.059416418362271434,0.11148219151793895,1.999893339662032,0.020028296613225506,0.0050492329349432295,5.056646416356249e-05
BBH,+,1.0,1.0,0.195,121,0.0215106227919828,0.0215106227919828,0.00010280816325542514,-9.575673587391977e-16,0.11593211770770995,-0.115932117707709,-0.06327211292699636,0.063272112926995,0.11593211770770995,1.999884323276776,0.02079857587450617,0.005487212116652957,5.706639940130657e-05
BBH,+,1.0,1.0,0.2,121,0.022336307590210484,0.022336307590210484,0.00011085083262468091,-1.457167719820518e-15,0.12033690837702225,-0.12033690837702225,-0.06729521459700939,0.06729521459700796,0.12033690837702216,1.9998752723408093,0.021527211520784333,0.005955680817719093,6.41085984146429e-05
BBH,+,1.0,1.0,0.205,121,0.02312656098641261,0.02312656098641261,0.00011883184420247161,1.2767564783189304e-15,0.12468293713258594,-0.12468293713258315,-0.07148988464911102,0.07148988464911027,0.12468293713258594,1.99986629054424,0.022206631696387574,0.006456029302396948,7.168812516037865e-05
BBH,+,1.0,1.0,0.21,121,0.023875523154648467,0.023875523154648467,0.00012665171150179805,-5.5511151231257815e-17,0.1289561218796774,-0.1289561218796774,-0.07586020801613798,0.07586020801613794,0.12895612187967656,1.9998574898485197,0.022828935176300313,0.006989538570502631,7.978754673742224e-05
BBH,+,1.0,1.0,0.215,121,0.024577293026578146,0.024577293026578146,0.0001342047800942936,-2.6922908347160042e-15,0.13314206806540452,-0.13314206806540452,-0.08041014460471446,0.08041014460471092,0.13314206806540402,1.999848989166872,0.023385882900313633,0.007557327519747873,8.837406092835284e-05
BBH,+,1.0,1.0,0.22,121,0.025225952425083575,0.025225952425083575,0.00014138059047678433,-1.998401444325282e-15,0.13722630550544448,-0.13722630550544448,-0.08514345764027594,0.0851434576402748,0.13722630550544435,1.9998409128310626,0.023868881071195853,0.008160293952856472,9.739629018391444e-05
BBH,+,1.0,1.0,0.225,121,0.02581559027911942,0.02581559027911942,0.00014806544799049625,8.326672684688674e-16,0.14119465118991767,-0.14119465118991584,-0.09006360740033179,0.09006360740033181,0.14119465118991767,1.9998333888246338,0.024268955980714213,0.008799051974102278,0.0001067807979529701
BBH,+,1.0,1.0,0.23,121,0.02634033330717274,0.02634033330717274,0.00015414426401013276,2.3037127760972e-15,0.14503373788321203,-0.14503373788321203,-0.09517359204700754,0.09517359204701004,0.14503373788321156,1.9998265467103225,0.024576723020159813,0.009473869468184671,0.00011642843037167188
BBH,+,1.0,1.0,0.235,121,0.02679439473442048,0.02679439473442048,0.0001595028007122955,4.163336342344336e-16,0.14873175815909517,-0.14873175815909517,-0.10047570592938664,0.10047570592938762,0.14873175815909478,1.9998205151027024,0.0247823557781108,0.010184610317331904,0.0001262106446257631
BBH,+,1.0,1.0,0.24,121,0.02717215924760845,0.02717215924760845,0.00016403053756884766,-1.4155343563970746e-15,0.152279488896364,-0.1522794888963639,-0.1059711657637527,0.10597116576375247,0.152279488896364,1.9998154184404537,0.02487556579805321,0.010930686496472027,0.00013596605399415879
BBH,+,1.0,1.0,0.245,121,0.02746833008266232,0.02746833008266232,0.00016762446847584656,9.159339953157543e-16,0.15567168937737477,-0.15567168937737386,-0.1116595188183345,0.11165951881833476,0.15567168937737477,1.9998113727106184,0.02484560935187181,0.011711024877795118,0.00014549749701131664
BBH,+,1.0,1.0,0.25,121,0.027678172033012708,0.027678172033012708,0.00017019420850604582,-2.1649348980190553e-15,0.15890902241762794,-0.15890902241762794,-0.11753767915071568,0.11753767915071599,0.15890902241762594,1.9998084796982258,0.024681344188611624,0.012524052228180052,0.00015457002348873782
BBH,+,1.0,1.0,0.255,121,0.027797890964296596,0.027797890964296596,0.0001716688073562326,2.886579864025407e-15,0.16200076470385505,-0.16200076470385424,-0.12359830638365935,0.123598306383661,0.16200076470385505,1.9998068193144811,0.02437136630591037,0.01336769942464923,0.0001629102852323361
BBH,+,1.0,1.0,0.26,121,0.027825194436291396,0.027825194436291396,0.0001720055938461387,-1.27675647831893e-15,0.16496881581477266,-0.16496881581477266,-0.12982698162482106,0.12982698162482145,0.16496881581477216,1.9998064396386497,0.023904264360160837,0.014239422546681969,0.0001702079332012228
BBH,+,1.0,1.0,0.265,121,0.027760077208323845,0.027760077208323845,0.00017120118089798531,0.0,0.1678540124606765,-0.16785401246067538,-0.13619712138728127,0.1361971213872805,0.1678540124606765,1.9998073445283455,0.023269038445303303,0.01513623474103412,0.00017611977927280164
BBH,+,1.0,1.0,0.27,121,0.027605867075138117,0.027605867075138117,0.00016930442931640933,2.692290834716005e-15,0.1707266954304381,-0.17072669543043698,-0.14266061428309046,0.14266061428309182,0.1707266954304381,1.9998094790257557,0.022455744091150608,0.01605473936195919,0.0001802777326259044
BBH,+,1.0,1.0,0.275,121,0.027370546566651516,0.027370546566651516,0.0001664307176426997,1.1102230246251568e-16,0.17370479228774205,-0.17370479228774205,-0.14913083730218069,0.14913083730218282,0.17370479228774016,1.9998127132951589,0.02145644979084323,0.016991152739259253,0.00018230197918752398
BBH,+,1.0,1.0,0.28,121,0.027068327472279285,0.027068327472279285,0.00016277634545877912,-2.9698465908722945e-15,0.1769818199700777,-0.1769818199700777,-0.15545555810988868,0.15545555810988884,0.17698181997007367,1.9998168264119653,0.020266655436399876,0.017941304797813747,0.00018182177368151543
BBH,+,1.0,1.0,0.285,121,0.026721385855202295,0.026721385855202295,0.00015863139864825805,-2.8310687127941496e-15,0.18085083363168986,-0.1808508336316872,-0.16139360129359923,0.16139360129359384,0.18085083363168986,1.999821491884492,0.01890060815542763,0.01888744935396092,0.0001785080722181819
BBH,+,1.0,1.0,0.29,121,0.026361547790305338,0.026361547790305338,0.00015438903995665694,-1.554312234475219e-15,0.18565559874563062,-0.18565559874563062,-0.1666639023591135,0.16666390235911563,0.18565559874562693,1.9998262671995273,0.01986399141961844,0.01732897100987517,0.00017212621771032127
BBH,+,1.0,1.0,0.295,121,0.02603153463284091,0.02603153463284091,0.0001505490817407128,4.1633363423443375e-16,0.1915996207145249,-0.19159962071452263,-0.17113621652664734,0.17113621652664518,0.1915996207145249,1.9998305898011637,0.020825799995455255,0.015616392123495826,0.000162625704732375
BBH,+,1.0,1.0,0.3,121,0.025785141777449148,0.025785141777449148,0.00014771395982273973,-5.6343818499726694e-15,0.1986075826497828,-0.1986075826497828,-0.17496884069624571,0.17496884069624816,0.19860758264977518,1.9998337816158829,0.02177967730925218,0.013801049707746454,0.00015030369620282124
BBH,+,1.0,1.0,0.305,121,0.025685525654632415,0.025685525654632415,0.0001465759320893076,-4.218847493575596e-15,0.2064565567444201,-0.2064565567444201,-0.17847591308540925,0.17847591308540614,0.20645655674441848,1.9998350634429602,0.022718450103549264,0.011982175114519246,0.00013611944927299766
BBH,+,1.0,1.0,0.31,121,0.025800834198004163,0.025800834198004163,0.00014789547242245583,-1.1102230246251565e-15,0.21494866495440995,-0.21494866495440995,-0.18195258633655312,0.1819525863365542,0.21494866495440823,1.9998335792386743,0.023634051984277402,0.01034755922921971,0.00012228755196020367
BBH,+,1.0,1.0,0.315,121,0.026197049209706818,0.026197049209706818,0.00015247231605572704,4.080069615497451e-15,0.22395602184459656,-0.22395602184459273,-0.18562728111074892,0.1856272811107488,0.22395602184459656,1.9998284286531758,0.024517527447511605,0.009226808902699273,0.00011311897424739647
BBH,+,1.0,1.0,0.32,121,0.026929210190358387,0.026929210190358387,0.0001611121875810559,-1.665334536937735e-15,0.2334035904494213,-0.23340359044941805,-0.18967552394736012,0.1896755239473554,0.2334035904494213,1.9998187044096332,0.02535916082659004,0.009058104766479402,0.00011486337989174054
BBH,+,1.0,1.0,0.325,121,0.02803357396774323,0.02803357396774323,0.00017459351949848193,-3.885780586188048e-16,0.24324780726960704,-0.24324780726960468,-0.19423775648052533,0.19423775648052294,0.24324780726960704,1.999803529682651,0.02614876684674088,0.010102831804381058,0.0001321012736630309
BBH,+,1.0,1.0,0.33,121,0.029523545429031336,0.029523545429031336,0.00019363897510821853,-3.58046925441613e-15,0.2534628490839589,-0.2534628490839589,-0.19942958098143387,0.19942958098143404,0.2534628490839555,1.9997820900663246,0.026876158210554987,0.012216276615330576,0.0001641811798827449
BBH,+,1.0,1.0,0.335,121,0.031390733817319647,0.031390733817319647,0.0002188959362708292,-3.774758283725532e-15,0.2640329379823349,-0.2640329379823349,-0.20534642425808963,0.20534642425808747,0.26403293798233335,1.9997536554576023,0.027531770458261266,0.015075676438028904,0.00020755559669346263
BBH,+,1.0,1.0,0.34,121,0.03361015854078121,0.03361015854078121,0.00025092822099193057,-2.275957200481571e-15,0.27494815626579405,-0.2749481562657924,-0.21206547690681513,0.21206547690681116,0.27494815626579405,1.9997175893107204,0.028107380790181172,0.01842474097153465,0.00025897217347889125
BBH,+,1.0,1.0,0.345,121,0.03614715570084334,0.03614715570084334,0.00029021856767346636,-3.136380044566067e-15,0.28620219376490463,-0.28620219376490463,-0.2196466607902833,0.21964666079028128,0.286202193764903,1.9996733457836884,0.028596818045400273,0.02210502723703442,0.00031611835159009975
BBH,+,1.0,1.0,0.35,121,0.03896365891530906,0.03896365891530906,0.0003371787328275329,3.58046925441613e-15,0.29779117751420997,-0.2977911775142048,-0.2281334227500943,0.22813342275009202,0.29779117751420997,1.9996204583209798,0.02899654174481187,0.026020777365241797,0.00037732788438272867
BBH,+,1.0,1.0,0.4,121,0.07607483043816501,0.07607483043816501,0.0012835281605180584,-5.6066262743570405e-15,0.43251981191090627,-0.43251981191090333,-0.3611225743528595,0.3611225743528511,0.43251981191090627,1.998553155043445,0.07027656667742076,0.029076541396164775,0.0010224394057360853
BBH,+,1.0,1.0,0.45,121,0.1177776437558651,0.1177776437558651,0.003068673083676692,4.385380947269369e-15,0.5947426904493667,-0.5947426904493667,-0.524509865819679,0.5245098658196835,0.5947426904493666,1.996532106657825,0.11441857410175083,0.02766628127257612,0.0015855174296219021
BBH,+,1.0,1.0,0.5,121,0.15600647139387816,0.15600647139387816,0.005366385888550725,7.2164496600635185e-16,0.7387619985088004,-0.7387619985088004,-0.6346263729677046,0.6346263729677101,0.7387619985087953,1.9939154952208056,0.15331036963581732,0.02814684319352919,0.00216418546544426
BBH,+,1.0,1.0,0.515,121,0.16643080033368357,0.16643080033368357,0.006101038300215182,1.3877787807814457e-15,0.7825494861284397,-0.7825494861284373,-0.6459052926641908,0.6459052926641884,0.7825494861284397,1.9930751971750729,0.163796526220804,0.028573451686438045,0.002348246636658932
BBH,+,1.0,1.0,0.52,121,0.16980443504343945,0.16980443504343945,0.006348613252009292,-4.0523140398818206e-15,0.797361131914101,-0.797361131914101,-0.6473722221688792,0.6473722221688782,0.7973611319140983,1.9927916134598975,0.16718141860807975,0.02874272349139506,0.0024113154910403735
BBH,+,1.0,1.0,0.525,121,0.1731316114723214,0.1731316114723214,0.006597463564499565,6.272760089132135e-15,0.8122033026013937,-0.8122033026013918,-0.6477953151418993,0.6477953151419041,0.8122033026013937,1.9925063612772533,0.1705153965967614,0.028927004138707933,0.002475525137047472
BBH,+,1.0,1.0,0.53,121,0.17641552234283825,0.17641552234283825,0.00684762918488873,2.4980018054066022e-15,0.8270221507200027,-0.8270221507200027,-0.6472387432932556,0.6472387432932594,0.8270221507200018,1.9922193908691246,0.17380167322470103,0.029127647125862226,0.0025411025667022554
BBH,+,1.0,1.0,0.532442,121,0.1780047509568895,0.1780047509568895,0.006970315679255545,1.776356839400251e-15,0.8342343151992566,-0.8342343151992544,-0.6466296718350188,0.6466296718350178,0.8342343151992566,1.9920785771592024,0.17539043316340144,0.029232078434596447,0.0025737071607996576
BBH,+,1.0,1.0,0.535,121,0.17965985484649674,0.17965985484649674,0.00709920936818441,3.608224830031759e-15,0.8417614150423699,-0.8417614150423673,-0.6457645886129061,0.6457645886129081,0.8417614150423699,1.991930584139134,0.1770438879922378,0.029346317973496894,0.0026083169130770244
BBH,+,1.0,1.0,0.54,121,0.18286880781405132,0.18286880781405132,0.007352366684958422,-2.4424906541753444e-15,0.8563628159285532,-0.8563628159285532,-0.6434316614640369,0.6434316614640379,0.8563628159285496,1.9916397497821692,0.18024612698218617,0.029584994218045745,0.0026774825242240007
BBH,+,1.0,1.0,0.545,121,0.1860471183398307,0.1860471183398307,0.00760733185191478,1.332267629550188e-15,0.8707658900217,-0.8707658900217,-0.6402949763569172,0.6402949763569196,0.8707658900216991,1.9913466174393617,0.1834129514662991,0.029845965455339876,0.002748962217618528
BBH,+,1.0,1.0,0.55,121,0.18920010002298354,0.18920010002298354,0.007864409675034581,-1.831867990631508e-15,0.8849075142354936,-0.8849075142354936,-0.6364056143330352,0.636405614333037,0.8849075142354903,1.991050830537824,0.18654943742309776,0.030131832320092804,0.0028231707004304422
BBH,+,1.0,1.0,0.6,121,0.22108339697422422,0.22108339697422422,0.01069344080910343,8.326672684688675e-16,0.9947286803999631,-0.994728680399963,-0.5648895824967763,0.5648895824967773,0.9947286803999631,1.9877805328955842,0.21790157629734255,0.035109027659519114,0.0038486705864540383
BBH,+,1.0,1.0,0.65,121,0.2657797146710994,0.2657797146710994,0.015346004162514217,1.165734175856414e-15,0.9622589177188778,-0.9622589177188775,-0.4527468998919865,0.452746899891988,0.9622589177188778,1.9823402858173476,0.2613319251792071,0.04469781205002331,0.005892512682056461
BBH,+,1.0,1.0,0.7,121,0.36039191598612635,0.36039191598612635,0.027690738132302505,-1.3322676295501878e-15,0.6811528858965551,-0.6811528858965551,-0.3182862771058248,0.3182862771058233,0.6811528858965548,1.9675294167229604,0.3555915842064762,0.048033913800761385,0.008681169063534491
BBH,+,1.0,1.0,0.75,121,0.47850590519260167,0.47850590519260167,0.04730550112676764,-1.02695629777827e-14,0.40561716288001504,-0.40561716288001504,-0.2582110938209407,0.2582110938209361,0.4056171628800095,1.9427580246739489,0.4733226395046363,0.039548645723461937,0.009635409631523416
BBH,+,1.0,1.0,0.8,121,0.542302562722814,0.542302562722814,0.0595063948302018,-1.462718834943643e-14,0.45600111651120995,-0.45600111651120995,-0.22090723850210112,0.2209072385020979,0.4560011165111985,1.9264769826160686,0.5361947597969214,0.0331158559824786,0.00921710905669896
BBH,+,1.0,1.0,0.85,121,0.5568560024305359,0.5568560024305359,0.06241723003559308,-4.198030811863873e-16,0.6133366473888311,-0.6133366473888305,-0.1804234047883213,0.18042340478832092,0.6133366473888311,1.9224778481392717,0.5502262432561307,0.03506147168554727,0.010034831801697926
BBH,+,1.0,1.0,0.9,121,0.5386731415832735,0.5386731415832735,0.058781269982401664,-4.57966997657877e-15,0.7226864532826611,-0.7226864532826611,-0.183998938651219,0.18399893865121897,0.7226864532826568,1.9274578116342043,0.5322570027020951,0.03866360765586164,0.010676745192731889
BBH,+,1.0,1.0,0.95,121,0.48186556034629197,0.48186556034629197,0.04792299365184194,0.0,0.7680960629813172,-0.7680960629813159,-0.1715680617492381,0.17156806174923722,0.7680960629813172,1.941951395438037,0.47666869973909576,0.03898897418159805,0.009570179599223357
BHZ,+,1.0,1.0,0.05,121,7.33337117335744e-05,7.33337117335744e-05,1.195050971760894e-09,1.7946510569950486e-16,3.669672706518341e-05,-3.669672706490341e-05,-3.669672705699323e-05,3.669672705688213e-05,3.669672706518341e-05,1.9999999986555625,7.333371170286106e-05,1.6422968298373144e-09,6.194194544202832e-14
BHZ,+,1.0,1.0,0.1,121,0.000277269930321057,0.000277269930321057,1.7084131492200388e-08,2.629187727178507e-15,0.0001387592376816669,-0.0001387592376816669,-0.00013875923767780812,0.0001387592376810561,0.00013875923768131394,1.9999999807803506,0.00027726992936094597,1.276812464179853e-08,1.7756191537508729e-12
BHZ,+,1.0,1.0,0.15,121,0.0005666477918924237,0.0005666477918924237,7.135325540296043e-08,3.7137143132828083e-16,0.0002836231569579819,-0.0002836231569579819,-0.0002836231569441886,0.0002836231569502932,0.0002836231569523937,1.9999999197275775,0.0005666477847148431,4.1117618035809604e-08,1.164655334354376e-11
BHZ,+,1.0,1.0,0.175,121,0.0007232944111874072,0.0007232944111874072,1.1625658919495801e-07,-1.763780094199419e-15,0.00036207367462432225,-0.00036207367462432225,-0.00036207367459776017,0.00036207367459773236,0.0003620736746229271,1.9999998692113123,0.0007232943965872403,6.336210975659934e-08,2.2915185417055588e-11
BHZ,+,1.0,1.0,0.18,121,0.0007544093118718819,0.0007544093118718819,1.2647405611687645e-07,1.4179331537036988e-15,0.00037766048339915424,-0.00037766048339618136,-0.00037766048337403566,0.00037766048337325796,0.00037766048339915424,1.999999857716659,0.0007544092953443061,6.850229019809524e-08,2.583971824551164e-11
BHZ,+,1.0,1.0,0.185,121,0.0007852752310278703,0.0007852752310278703,1.3703489355599962e-07,-2.764088735457068e-15,0.00039312424904639436,-0.00039312424904639436,-0.00039312424901848954,0.00039312424902170854,0.0003931242490404532,1.9999998458357127,0.0007852752124202065,7.387588767644023e-08,2.900439650418538e-11
BHZ,+,1.0,1.0,0.19,121,0.0008158157022755026,0.0008158157022755026,1.4790113440139092e-07,-2.7371937453158496e-15,0.000408426808117884,-0.000408426808117884,-0.0004084268080973561,0.0004084268080981335,0.00040842680811443093,1.9999998336111884,0.0008158156814357124,7.948344475751515e-08,3.241455892537892e-11
BHZ,+,1.0,1.0,0.195,121,0.0008459543052819138,0.0008459543052819138,1.5903077289615274e-07,-2.526716222318523e-15,0.0004235300253162694,-0.0004235300253136843,-0.00042353002528027156,0.000423530025275387,0.0004235300253162694,1.999999821090338,0.0008459542820601842,8.532511587881046e-08,3.609595459948258e-11
BHZ,+,1.0,1.0,0.2,121,0.0008756147990087792,0.0008756147990087792,1.703780068140759e-07,-3.800907884873167e-15,0.0004383958604828776,-0.0004383958604788222,-0.0004383958604583114,0.00043839586045120595,0.0004383958604828776,1.9999998083246933,0.0008756147732591432,9.140076290795232e-08,4.0017810083558726e-11
BHZ,+,1.0,1.0,0.205,121,0.0009047212542920097,0.0009047212542920097,1.8189339900942514e-07,-1.958573955145385e-15,0.00045298643545761626,-0.000452986435455123,-0.0004529864354267404,0.00045298643542241015,0.00045298643545761626,1.9999997953698718,0.0009047212258740309,9.770980918542083e-08,4.420736625792407e-11
BHZ,+,1.0,1.0,0.21,121,0.0009331981848601398,0.0009331981848601398,1.935241264522997e-07,-4.513398118785594e-16,0.00046726410004345134,-0.0004672641000381463,-0.00046726410001619336,0.0004672641000103089,0.00046726410004345134,1.9999997822852962,0.0009331981536405929,1.042513973484748e-07,4.8647273712234804e-11
BHZ,+,1.0,1.0,0.215,121,0.0009609706770362171,0.0009609706770362171,2.0521428808114212e-07,-6.449478266983695e-16,0.0004811914974788216,-0.0004811914974788216,-0.0004811914974641803,0.00048119149746529054,0.00048119149747691574,1.9999997691338554,0.0009609706428907563,1.1102428837941623e-07,5.334561838543911e-11
BHZ,+,1.0,1.0,0.22,121,0.00098796451783616,0.00098796451783616,2.1690523994206183e-07,-9.979301727417594e-16,0.0004947316291727648,-0.0004947316291727648,-0.0004947316291390002,0.0004947316291386673,0.0004947316291720051,1.9999997559815301,0.000987964480650937,1.1802687609997232e-07,5.83032638448138e-11
BHZ,+,1.0,1.0,0.225,121,0.001014106321054328,0.001014106321054328,2.2853583924052776e-07,8.001818608757705e-16,0.0005078479183866342,-0.0005078479183823599,-0.0005078479183621533,0.0005078479183581562,0.0005078479183866342,1.999999742897097,0.00101410628072754,1.252573070014402e-07,6.350961197046569e-11
BHZ,+,1.0,1.0,0.23,121,0.0010393236513190586,0.0010393236513190586,2.400429467542943e-07,3.160381570159465e-16,0.000520504273178117,-0.000520504273178117,-0.0005205042731599042,0.0005205042731611247,0.0005205042731770434,1.9999997299515924,0.0010393236077623773,1.3271333701697916e-07,6.896827388542782e-11
BHZ,+,1.0,1.0,0.235,121,0.0010635451459899987,0.0010635451459899987,2.513617392254888e-07,9.258307282714732e-16,0.0005326651482228768,-0.0005326651482228768,-0.0005326651481921323,0.0005326651481945747,0.0005326651482219394,1.999999717217941,0.0010635450991298703,1.4039239443659575e-07,7.465915251400557e-11
BHZ,+,1.0,1.0,0.24,121,0.0010867006343477526,0.0010867006343477526,2.6242616775936273e-07,-2.8157204757899013e-15,0.0005442956054002357,-0.0005442956054002357,-0.000544295605368849,0.0005442956053675723,0.0005442956053986587,1.9999997047704485,0.001086700584126511,1.4829165062936982e-07,8.057573192816221e-11
BHZ,+,1.0,1.0,0.245,121,0.001108721254383731,0.001108721254383731,2.7316941020316676e-07,4.921193660911706e-16,0.0005553613733810878,-0.0005553613733786263,-0.0005553613733577155,0.0005553613733557174,0.0005553613733810878,1.9999996926842953,0.0011087212007605135,1.5640796110381995e-07,8.670058410385747e-11
BHZ,+,1.0,1.0,0.25,121,0.0011295395666997376,0.0011295395666997376,2.83524239789538e-07,-3.5508298775258074e-16,0.0005658289058693978,-0.0005658289058560128,-0.0005658289058476675,0.0005658289058343435,0.0005658289058693978,1.9999996810351008,0.001129539509651191,1.647378604711215e-07,9.304218755355518e-11
BHZ,+,1.0,1.0,0.255,121,0.0011490896654502692,0.0011490896654502692,2.9342365406550795e-07,-1.6712163337234683e-15,0.0005756654384833358,-0.0005756654384833358,-0.0005756654384676664,0.0005756654384687765,0.0005756654384808568,1.9999996698982494,0.0011490896049709584,1.7327759430937207e-07,9.955320393878226e-11
BHZ,+,1.0,1.0,0.26,121,0.0011673072861474259,0.0011673072861474259,3.0280125458877666e-07,8.978888054074487e-16,0.0005848390443955043,-0.0005848390443945964,-0.0005848390443687462,0.0005848390443685793,0.0005848390443955043,1.9999996593484397,0.0011673072222499695,1.820231631396012e-07,1.0623732311554679e-10
BHZ,+,1.0,1.0,0.265,121,0.0011841299102897066,0.0011841299102897066,3.115917833874783e-07,6.1027775172771415e-15,0.0005933186884195628,-0.0005933186884171049,-0.0005933186883910716,0.0005933186883948117,0.0005933186884195628,1.99999964945909,0.001184129843004599,1.9097033696442292e-07,1.1306808889367677e-10
BHZ,+,1.0,1.0,0.27,121,0.0011994968665677583,0.0011994968665677583,3.1973156926983705e-07,2.227622112379452e-15,0.0006010742798197303,-0.0006010742798134677,-0.0006010742797889765,0.0006010742797847299,0.0006010742798197303,1.9999996403018216,0.001199496795942886,2.0011453702984526e-07,1.200115087481087e-10
BHZ,+,1.0,1.0,0.275,121,0.001213349428607553,0.001213349428607553,3.271591487595692e-07,-4.534804335428603e-15,0.0006080767235574491,-0.0006080767235544273,-0.0006080767235429035,0.0006080767235352442,0.0006080767235574491,1.999999631945789,0.0012133493547073046,2.09451007565409e-07,1.2706593412142686e-10
BHZ,+,1.0,1.0,0.28,121,0.0012256309090851658,0.0012256309090851658,3.338156413019217e-07,6.340549829966792e-16,0.0006142979701892687,-0.0006142979701840815,-0.0006142979701655649,0.000614297970161347,0.0006142979701892687,1.9999996244572256,0.0012256308319892263,2.189747316017457e-07,1.341922698298582e-10
BHZ,+,1.0,1.0,0.285,121,0.0012362867500867888,0.0012362867500867888,3.3964536501803383e-07,-2.2896994630178255e-15,0.0006197110641503697,-0.0006197110641503697,-0.0006197110641258337,0.0006197110641266108,0.0006197110641478581,1.9999996178987791,0.0012362866698885137,2.2868047636658343e-07,1.4135605214502912e-10
BHZ,+,1.0,1.0,0.29,121,0.001245264609817764,0.001245264609817764,3.445962593298348e-07,5.678779928935951e-16,0.0006242901908466224,-0.0006242901908466224,-0.0006242901908125111,0.000624290190819061,0.0006242901908405474,1.999999612329019,0.0012452645266221851,2.3856278408278347e-07,1.4853671306984495e-10
BHZ,+,1.0,1.0,0.295,121,0.0012525144452106784,0.0012525144452106784,3.4862036827713416e-07,1.82627757317963e-15,0.0006280107221387713,-0.0006280107221387713,-0.0006280107221050477,0.0006280107221142404,0.0006280107221315266,1.999999607801893,0.0012525143591321048,2.4861602097269195e-07,1.5569963182298995e-10
BHZ,+,1.0,1.0,0.3,121,0.00125798859081216,0.00125798859081216,3.516743330618984e-07,3.618931326485053e-16,0.0006308492607270789,-0.0006308492607270789,-0.0006308492606974073,0.0006308492607063993,0.0006308492607187624,1.999999604366179,0.001257988501971393,2.5883428789450685e-07,1.6280257314604365e-10
BHZ,+,1.0,1.0,0.305,121,0.001261641833452284,0.001261641833452284,3.5371983969017464e-07,8.319489845295958e-16,0.0006327836831686059,-0.0006327836831686059,-0.0006327836831493712,0.0006327836831532575,0.0006327836831654401,1.9999996020649802,0.001261641741973393,2.692115794114061e-07,1.698237911728129e-10
BHZ,+,1.0,1.0,0.31,121,0.0012634314828820928,0.0012634314828820928,3.5472405975530325e-07,4.512462994411824e-15,0.0006337931818725254,-0.0006337931818725254,-0.000633793181851043,0.0006337931818560374,0.00063379318187201,1.9999996009352314,0.0012634313888888187,2.7974165687687727e-07,1.7671806722440406e-10
BHZ,+,1.0,1.0,0.315,121,0.0012633174383597197,0.0012633174383597197,3.5466002653213497e-07,5.867566632219988e-17,0.0006338583061716839,-0.0006338583061695252,-0.0006338583061551477,0.0006338583061525298,0.0006338583061716839,1.9999996010072694,0.0012633173419714556,2.9041816285573275e-07,1.8344041799298283e-10
BHZ,+,1.0,1.0,0.32,121,0.0012612622510035545,0.0012612622510035545,3.535070285881008e-07,1.126397965785925e-15,0.0006329610027123328,-0.0006329610027123328,-0.0006329610026852988,0.0006329610026912951,0.0006329610027075342,1.9999996023043929,0.0012612621523309384,3.012345433395594e-07,1.8996894095650353e-10
BHZ,+,1.0,1.0,0.325,121,0.0012572311819020784,0.0012572311819020784,3.512509907130676e-07,3.4208611420991075e-16,0.0006310846553519385,-0.0006310846553453074,-0.0006310846553347499,0.0006310846553288663,0.0006310846553519385,1.99999960484244,0.0012572310810421627,3.121841092519363e-07,1.9623784918232591e-10
BHZ,+,1.0,1.0,0.33,121,0.0012511922560828656,0.0012511922560828656,3.4788473089896064e-07,6.60414648315233e-17,0.0006282141250778624,-0.0006282141250778624,-0.000628214125065233,0.0006282141250657343,0.0006282141250773434,1.999999608629486,0.0012511921531138772,3.232600668015929e-07,2.022306565170904e-10
BHZ,+,1.0,1.0,0.335,121,0.0012431163121544699,0.0012431163121544699,3.4340831260119365e-07,-1.7190974121658598e-15,0.0006243357902483549,-0.0006243357902429341,-0.000624335790234282,0.000624335790226872,0.0006243357902483549,1.9999996136654612,0.0012431162071301557,3.344554460465011e-07,2.0788024169989862e-10
BHZ,+,1.0,1.0,0.34,121,0.0012329770477490188,0.0012329770477490188,3.3782926579640895e-07,-1.5972466405056453e-15,0.0006194375877898012,-0.0006194375877858396,-0.0006194375877649706,0.0006194375877595315,0.0006194375877898012,1.9999996199418963,0.0012329769406925243,3.4576319035310016e-07,2.1315488890191776e-10
BHZ,+,1.0,1.0,0.345,121,0.0012207510606733242,0.0012207510606733242,3.3116275598309306e-07,-2.1687499344134886e-15,0.0006135090561426456,-0.0006135090561426456,-0.0006135090561244671,0.0006135090561259104,0.000613509056138884,1.999999627441723,0.0012207509515706014,3.571761499371103e-07,2.1801346150684735e-10
BHZ,+,1.0,1.0,0.35,121,0.0012064178858157899,0.0012064178858157899,3.2343187762585836e-07,7.813167430745227e-16,0.0006065413808851523,-0.0006065413808801964,-0.0006065413808777884,0.0006065413808740951,0.0006065413808851523,1.999999636138972,0.0012064177746084516,3.686870408402258e-07,2.2239990737664936e-10
BHZ,+,1.0,1.0,0.4,121,0.0009448412702941229,0.0009448412702941229,1.9838327790387842e-07,1.6537742312736077e-15,0.0004790762255252867,-0.0004790762255252867,-0.0004790762254925907,0.00047907622550225017,0.00047907622551750364,1.9999997768187487,0.0009448411181555952,4.875280231642769e-07,2.3031945393395288e-10
BHZ,+,1.0,1.0,0.45,121,0.0004725664874154652,0.0004725664874154652,4.962645652442335e-08,-1.891133191884997e-15,0.00025506505913697327,-0.00025506505913697327,-0.0002550650591088847,0.0002550650591181135,0.0002550650591260927,1.9999999441702319,0.00047256609339167325,6.076904968173016e-07,1.4358676138624255e-10
BHZ,+,1.0,1.0,0.5,121,0.00018115009250037155,0.00018115009250037155,7.292294422632671e-09,-4.496864035655191e-16,0.00014432139478366815,-0.00014432139477456462,-0.0001443213947622889,0.00014432139475221745,0.00014432139478366815,1.999999991796167,0.00018114865110581494,7.225981800065994e-07,6.544482959631053e-11
BHZ,+,1.0,1.0,0.532442,121,0.0006767671019205781,0.0006767671019205781,1.0178080600553585e-07,3.844716428905159e-15,0.00035988412792790843,-0.00035988412792046945,-0.0003598841279080958,0.00035988412790434465,0.00035988412792790843,1.999999885496576,0.0006767666320633004,7.892126266721543e-07,2.670572632079033e-10
BHZ,+,1.0,1.0,0.55,121,0.0009601034615515786,0.0009601034615515786,2.0484407676275078e-07,-1.0462550964485119e-16,0.0004967768316635584,-0.0004967768316624199,-0.0004967768316501519,0.0004967768316495644,0.0004967768316635584,1.999999769550345,0.0009601030816850526,8.223837244528414e-07,3.947853847901815e-10
BHZ,+,1.0,1.0,0.6,121,0.0017872155197428642,0.0017872155197428642,7.098080237158102e-07,6.317646059073034e-16,0.0009047797221022819,-0.000904779722092498,-0.0009047797220731064,0.0009047797220640355,0.0009047797221022819,1.9999992014651753,0.0017872151137137684,9.020334368770517e-07,8.060630218078526e-10
BHZ,+,1.0,1.0,0.65,121,0.00257281813196999,0.00257281813196999,1.4709732020100494e-06,-7.689974958896562e-16,0.0012955244979951399,-0.0012955244979951399,-0.0012955244979876318,0.0012955244979881663,0.0012955244979938089,1.9999983451517227,0.002572817422630918,9.547125362221785e-07,1.2281508249952108e-09
BHZ,+,1.0,1.0,0.7,121,0.003224520864123603,0.003224520864123603,2.310555769577702e-06,2.752382740126013e-15,0.0016203877989980743,-0.0016203877989941966,-0.0016203877989938696,0.0016203877989928704,0.0016203877989980743,1.9999974006163104,0.0032245196691137747,9.746121157550057e-07,1.571328136372787e-09
BHZ,+,1.0,1.0,0.75,121,0.003657857967321339,0.003657857967321339,2.973304209557486e-06,-1.2447183041219832e-15,0.0018365434625033697,-0.0018365434624981628,-0.0018365434624899382,0.0018365434624831633,0.0018365434625033697,1.999996655018777,0.0036578563127149855,9.569351588773692e-07,1.750168186272197e-09
BHZ,+,1.0,1.0,0.8,121,0.0038068815720239354,0.0038068815720239354,3.2205070315723576e-06,2.3361846311631403e-15,0.0019108136365026413,-0.0019108136364989667,-0.0019108136364874178,0.0019108136364860441,0.0019108136365026413,1.9999963769131797,0.0038068797418628914,8.98692565315642e-07,1.7106108053941643e-09
BHZ,+,1.0,1.0,0.85,121,0.0036336594096700136,0.0036336594096700136,2.9340947168184544e-06,1.6094710200004192e-15,0.0018241679966378198,-0.0018241679966378198,-0.001824167996604844,0.0018241679966118373,0.0018241679966325578,1.999996699129824,0.003633657822331525,7.999664528237434e-07,1.4534067336765746e-09
BHZ,+,1.0,1.0,0.9,121,0.0031354304646047915,0.0031354304646047915,2.1846431026182084e-06,-2.512963795386902e-15,0.0015752621650098506,-0.0015752621650096943,-0.001575262164993761,0.0015752621649911202,0.0015752621650098506,1.9999975422689573,0.0031354294307419173,6.654068453727052e-07,1.0431670047530295e-09
BHZ,+,1.0,1.0,0.95,121,0.002348085432695504,0.002348085432695504,1.2252212649875735e-06,3.452506293008528e-15,0.0011822740508392207,-0.0011822740508300785,-0.0011822740508270367,0.0011822740508213748,0.0011822740508392207,1.9999986216237016,0.002348084973723031,5.0546154700433e-07,5.934320710865839e-10
SSH,+,1.0,1.0,0.05,121,9.95036383493889e-06,9.95036383493889e-06,2.199085358256525e-11,3.3006737545501215e-15,5.02666413578347e-06,-5.02666413578347e-06,-4.946151668790282e-06,4.946151672589202e-06,5.026664135536814e-06,1.9999999999752578,9.950287037521106e-06,3.9093707794926414e-08,1.9423248633870294e-13
SSH,+,1.0,1.0,0.1,121,3.944986826754967e-05,3.944986826754967e-05,3.4582559038653926e-10,3.107685479988848e-15,1.9930522197079493e-05,-1.9930522192199936e-05,-1.9614362707936957e-05,1.961436270618031e-05,1.9930522197079493e-05,1.9999999996109423,3.94495732231532e-05,1.525735453170578e-07,3.008254833967415e-12
SSH,+,1.0,1.0,0.15,121,8.746803746648369e-05,8.746803746648369e-05,1.7001286304700138e-09,-3.8715795494317375e-15,4.418838616169155e-05,-4.418838616169155e-05,-4.349874090088157e-05,4.349874090776087e-05,4.4188386151197624e-05,1.9999999980873513,8.746741483627268e-05,3.300249068887066e-07,1.4433621879828197e-11
SSH,+,1.0,1.0,0.175,121,0.0001179230877116887,0.0001179230877116887,3.0901779900381774e-09,-1.0134300286435659e-15,5.957028560607121e-05,-5.957028560607121e-05,-5.865047424411236e-05,5.8650474245676776e-05,5.95702856027824e-05,1.999999996523547,0.00011792227418636605,4.3801151554569624e-07,2.582737273291058e-11
SSH,+,1.0,1.0,0.18,121,0.00012449787677313724,0.00012449787677313724,3.4443739712249526e-09,-7.283286912348987e-17,6.289055309683794e-05,-6.289055309683794e-05,-6.192175497161584e-05,6.192175497259633e-05,6.289055309604161e-05,1.9999999961250774,0.00012449702370247086,4.6086356968163276e-07,2.8688943827436037e-11
SSH,+,1.0,1.0,0.185,121,0.00013122869484414186,0.00013122869484414186,3.826875606528625e-09,1.498766566651361e-15,6.628943213233129e-05,-6.628943213103094e-05,-6.527074681640588e-05,6.527074681799575e-05,6.628943213233129e-05,1.9999999956947634,0.00013122780189376784,4.84088928702892e-07,3.176075833971923e-11
SSH,+,1.0,1.0,0.19,121,0.00013811318776084968,0.00013811318776084968,4.238927875377385e-09,7.251594909929669e-16,6.976571412864483e-05,-6.976571412276992e-05,-6.869627873539892e-05,6.869627873014811e-05,6.976571412864483e-05,1.9999999952312024,0.000138112254648569,5.07667814529342e-07,3.505747877907208e-11
SSH,+,1.0,1.0,0.195,121,0.00014514894628138244,0.00014514894628138244,4.6818096560091105e-09,-2.744258000095951e-15,7.331816206647277e-05,-7.331816206647277e-05,-7.219715193019999e-05,7.219715193450887e-05,7.331816205992729e-05,1.9999999947329605,0.00014514797277705792,5.315802506883079e-07,3.857697779672366e-11
SSH,+,1.0,1.0,0.2,121,0.00015233350672556366,0.00015233350672556366,5.1567569473813056e-09,-4.082834754553761e-15,7.694551083563379e-05,-7.694551083383568e-05,-7.577214025434238e-05,7.577214024890605e-05,7.694551083563379e-05,1.999999994198644,0.0001523324926511566,5.55806022929139e-07,4.2334465307583094e-11
SSH,+,1.0,1.0,0.205,121,0.00015966435166195277,0.00015966435166195277,5.665035453085289e-09,-1.115692051667782e-15,8.064646766400087e-05,-8.064646766400087e-05,-7.941999047757075e-05,7.941999047811511e-05,8.06464676625534e-05,1.999999993626833,0.00015966329689124823,5.803247620643914e-07,4.632808024049471e-11
SSH,+,1.0,1.0,0.21,121,0.00016713891054075445,0.00016713891054075445,6.20786493815078e-09,-3.555519581317399e-15,8.441971244140473e-05,-8.44197124392232e-05,-8.313942271401947e-05,8.313942270817802e-05,8.441971244140473e-05,1.9999999930161507,0.00016713781499914265,6.051159277352082e-07,5.056888020516898e-11
SSH,+,1.0,1.0,0.215,121,0.00017475456041300013,0.00017475456041300013,6.786462256356016e-09,-3.206239510407341e-15,8.826389814572367e-05,-8.826389814572367e-05,-8.692913074324912e-05,8.6929130743277e-05,8.826389814264854e-05,1.999999992365226,0.00017475342407706872,6.301588595990841e-07,5.5059730558717666e-11
SSH,+,1.0,1.0,0.22,121,0.00018250862662505586,0.00018250862662505586,7.4020647882693736e-09,5.692803829927167e-15,9.217765124239101e-05,-9.217765123806685e-05,-9.078778243327726e-05,9.07877824350265e-05,9.217765124239101e-05,1.9999999916726716,0.00018250744952233853,6.554327327710338e-07,5.980982597410205e-11
SSH,+,1.0,1.0,0.225,121,0.00019039838350556012,0.00019039838350556012,8.055891114682684e-09,-1.2521433949376142e-15,9.61595720773653e-05,-9.61595720773653e-05,-9.471402008056838e-05,9.471402008093254e-05,9.615957207568195e-05,1.9999999909371207,0.0001903971657140058,6.80916634991821e-07,6.482026891265597e-11
SSH,+,1.0,1.0,0.23,121,0.00019842105510205473,0.00019842105510205473,8.749067840578087e-09,4.875487233682272e-16,0.00010020823531543376,-0.00010020823531163686,-9.870646081798945e-05,9.870646081485549e-05,0.00010020823531543376,1.9999999901572931,0.00019841979674950608,7.065895651436291e-07,7.009942184231571e-11
SSH,+,1.0,1.0,0.235,121,0.00020657381591052799,0.00020657381591052799,9.482823218023542e-09,-3.443444787478361e-15,0.00010432219035576504,-0.00010432219035576504,-0.0001027636969980403,0.00010276369699470489,0.00010432219035556936,1.9999999893318219,0.0002065725171741736,7.324304381717747e-07,7.56479555564341e-11
SSH,+,1.0,1.0,0.24,121,0.00021485379161289146,0.00021485379161289146,1.0258242847764146e-08,8.2241631692251845e-16,0.00010849996175959581,-0.00010849996175785907,-0.0001068842966262079,0.00010688429662520614,0.00010849996175959581,1.9999999884594737,0.00021485245271851987,7.584181443294155e-07,8.147509012347094e-11
SSH,+,1.0,1.0,0.245,121,0.00022325805983084367,0.00022325805983084367,1.1076463844893345e-08,2.2946369768860472e-15,0.00011274004967936108,-0.00011274004967877014,-0.00011106680376014614,0.00011106680376280407,0.00011274004967936108,1.9999999875389745,0.0002232566810522485,7.845315050127448e-07,8.757711035225487e-11
SSH,+,1.0,1.0,0.25,121,0.00023178365089275097,0.00023178365089275097,1.1938586021010956e-08,-1.6217567564443102e-15,0.00011704093034277228,-0.0001170409303387302,-0.00011530973890883457,0.0001153097389033502,0.00011704093034277228,1.9999999865690894,0.00023178223255096168,8.107493240397956e-07,9.395848797952106e-11
SSH,+,1.0,1.0,0.255,121,0.00024042754862044614,0.00024042754862044614,1.2845634630072784e-08,6.15179647860505e-16,0.00012140105646987526,-0.00012140105646987526,-0.00011961159946815008,0.00011961159947781597,0.00012140105646068954,1.9999999855486583,0.0002404260910828247,8.370504279303598e-07,1.0062430777192449e-10
SSH,+,1.0,1.0,0.26,121,0.00024918669111355005,0.00024918669111355005,1.3798650518500228e-08,2.818970382389838e-15,0.0001258188577575056,-0.00012581885775367945,-0.00012397086018879668,0.00012397086018813827,0.0001258188577575056,1.999999984476514,0.00024918519479303106,8.63413625597215e-07,1.0757075937596193e-10
SSH,+,1.0,1.0,0.265,121,0.00025805797154818274,0.00025805797154818274,1.4798633627164135e-08,6.65363650067803e-15,0.0001302927413276932,-0.00013029274132554642,-0.00012838597355838122,0.00012838597356332814,0.0001302927413276932,1.9999999833515336,0.0002580564369023175,8.898177669511982e-07,1.1481271913314515e-10
SSH,+,1.0,1.0,0.27,121,0.0002670382389997497,0.0002670382389997497,1.5846527201546223e-08,-9.785161246511317e-16,0.0001348210922247915,-0.0001348210922247915,-0.0001328553702932696,0.00013285537029875287,0.00013482109221905537,1.9999999821726542,0.0002670366665297836,9.162417363740528e-07,1.2233603183102212e-10
SSH,+,1.0,1.0,0.275,121,0.0002761242992733746,0.0002761242992733746,1.6943235259248013e-08,3.1465039941098874e-16,0.0001394022738760346,-0.0001394022738760346,-0.00013737745977029204,0.00013737745977183722,0.00013940227387459982,1.9999999809388564,0.0002761226895232474,9.426644771652114e-07,1.3014630328471906e-10
SSH,+,1.0,1.0,0.28,121,0.0002853129157394517,0.0002853129157394517,1.80896438075864e-08,2.3303818731392975e-15,0.0001440346286092944,-0.00014403462860906416,-0.00014195063047421513,0.00014195063047571556,0.0001440346286092944,1.9999999796491472,0.0002853112692947803,9.69064999124076e-07,1.3824210271362442e-10
SSH,+,1.0,1.0,0.285,121,0.00029460081019557584,0.00029460081019557584,1.9286580974251262e-08,-5.621739671476661e-16,0.0001487164781100198,-0.0001487164781100198,-0.0001465732505002884,0.0001465732505030665,0.00014871647810675163,1.9999999783025948,0.00029459912768253733,9.95422412305432e-07,1.4662209778533569e-10
SSH,+,1.0,1.0,0.29,121,0.0003039846637384451,0.0003039846637384451,2.0534802105645312e-08,1.6866001461115017e-15,0.00015344612394524478,-0.00015344612394524478,-0.00015124366800117476,0.0001512436680039658,0.00015344612394375362,1.9999999768983439,0.00030398294582278213,1.021715894213386e-06,1.5529429515820744e-10
SSH,+,1.0,1.0,0.295,121,0.00031346111763161974,0.00031346111763161974,2.1835071627328436e-08,-1.5126675949256655e-15,0.00015822184808265705,-0.00015822184808265705,-0.0001559602116508521,0.00015596021165174156,0.00015822184808094364,1.9999999754355413,0.00031345936501743965,1.047924753096712e-06,1.6424032264848058e-10
SSH,+,1.0,1.0,0.3,121,0.00032302677422113633,0.00032302677422113633,2.3188048666374545e-08,-4.369620628736282e-16,0.00016304191337679396,-0.00016304191337679396,-0.00016072119115257726,0.00016072119115344912,0.0001630419133753857,1.9999999739134406,0.00032302498764979863,1.0740284083011934e-06,1.7346905146274988e-10
SSH,+,1.0,1.0,0.305,121,0.000332678197836172,0.000332678197836172,2.4594386823414045e-08,-2.405495537291947e-15,0.0001679045640967311,-0.0001679045640967311,-0.00016552489773112247,0.00016552489773270917,0.0001679045640934079,1.999999972331312,0.0003326763780851153,1.1000064103908325e-06,1.8297372144075612e-10
SSH,+,1.0,1.0,0.31,121,0.00034241191573552933,0.00034241191573552933,2.6054636176948204e-08,-1.5978550219200105e-15,0.00017280802647841195,-0.00017280802647841195,-0.0001703696046055404,0.00017036960461032103,0.00017280802647203492,1.9999999706885305,0.0003424100636170842,1.1258384521182134e-06,1.9274745289214514e-10
SSH,+,1.0,1.0,0.315,121,0.00035222441898665504,0.00035222441898665504,2.756932687080709e-08,-2.3535181016375164e-16,0.00017775050918959276,-0.0001777505091863927,-0.00017525356750227033,0.0001752535674994237,0.00017775050918959276,1.9999999689845027,0.000352222535346866,1.1515043683671541e-06,2.0279393143893104e-10
SSH,+,1.0,1.0,0.32,121,0.0003621121635142638,0.0003621121635142638,2.913891843863641e-08,1.6113177635836704e-15,0.000182730203961658,-0.000182730203961658,-0.00018017502514665654,0.00018017502515028092,0.00018273020396019474,1.9999999672187114,0.00036211024923151484,1.17698420251659e-06,2.1309712352685816e-10
SSH,+,1.0,1.0,0.325,121,0.0003720715709915079,0.0003720715709915079,3.0763817222063175e-08,-1.3434121479163317e-15,0.0001877452860329529,-0.0001877452860329529,-0.00018513219982253142,0.00018513219982168236,0.00018774528603287817,1.9999999653907006,0.0003720696269755401,1.2022580910965484e-06,2.236624800170995e-10
SSH,+,1.0,1.0,0.33,121,0.0003820990298568737,0.0003820990298568737,3.2444351501699956e-08,1.0244341512987017e-15,0.00019279391476571315,-0.00019279391476571315,-0.00019012329780904004,0.00019012329781207006,0.00019279391476314026,1.999999963500099,0.0003820970570473685,1.2273064028470448e-06,2.3447354878874786e-10
SSH,+,1.0,1.0,0.335,121,0.0003921908963206734,0.0003921908963206734,3.4180815264603674e-08,2.1172576368795972e-15,0.00019787423416177288,-0.00019787423416177288,-0.00019514650997670796,0.00019514650998146032,0.00019787423415956233,1.9999999615465798,0.00039218889568597674,1.2521097003645531e-06,2.45531948719327e-10
SSH,+,1.0,1.0,0.34,121,0.00040234349535714316,0.00040234349535714316,3.597338668923397e-08,-4.843339686356011e-16,0.00020298437342275644,-0.00020298437342135847,-0.0002002000122753669,0.00020020001227423904,0.00020298437342275644,1.999999959529936,0.0004023414678931226,1.2766487061451807e-06,2.5682493321863094e-10
SSH,+,1.0,1.0,0.345,121,0.0004125531217508555,0.0004125531217508555,3.7822222835141396e-08,4.0474530236766466e-15,0.0002081224475303259,-0.00020812244752906633,-0.00020528196625104803,0.00020528196625440646,0.0002081224475303259,1.9999999574499938,0.0004125510684795205,1.3009043804689965e-06,2.6834442356769974e-10
SSH,+,1.0,1.0,0.35,121,0.0004228160411389613,0.0004228160411389613,3.972740620423249e-08,4.301518120985852e-16,0.00021328655779387392,-0.00021328655779387392,-0.00021039051962266464,0.00021039051962626982,0.00021328655779058188,1.999999955306662,0.00042281396310732346,1.3248578526928308e-06,2.800825932285019e-10
SSH,+,1.0,1.0,0.4,121,0.0005275361130006352,0.0005275361130006352,6.184317250893892e-08,-8.246869475563114e-16,0.00026593331526153686,-0.00026593331526153686,-0.00026252270844073766,0.0002625227084420232,0.0002659333152606429,1.9999999304264224,0.0005275338495341862,1.5437858701858506e-06,4.071984087836716e-10
SSH,+,1.0,1.0,0.45,121,0.0006333038900357848,0.0006333038900357848,8.912748697101038e-08,-3.0744491247484507e-15,0.00031901604266852364,-0.00031901604266852364,-0.00031519577682993154,0.00031519577682968483,0.00031901604266553276,1.999999899731561,0.0006333015640335581,1.7134973161160422e-06,5.425789677116958e-10
SSH,+,1.0,1.0,0.5,121,0.000736083180360068,0.000736083180360068,1.2040407816450562e-07,3.370351720421387e-15,0.0003705030231313657,-0.0003705030231313657,-0.0003664169599675182,0.0003664169599720279,0.0003705030231297223,1.9999998645453887,0.0007360809198158921,1.819215100752297e-06,6.695445461619893e-10
SSH,+,1.0,1.0,0.532442,121,0.0007992497350034149,0.0007992497350034149,1.41955543616253e-07,-2.9802758957935996e-16,0.0004020929504239287,-0.0004020929504239287,-0.00039792651008840717,0.0003979265100894527,0.00040209295042273866,1.9999998402999783,0.0007992475831194525,1.8477759877187974e-06,7.384172947406933e-10
SSH,+,1.0,1.0,0.55,121,0.0008318101116108455,0.0008318101116108455,1.537573099952283e-07,-3.426288082192165e-15,0.0004183582906234201,-0.00041835829062241363,-0.00041418150375841086,0.00041418150375463226,0.0004183582906234201,1.999999827022988,0.0008318080387843362,1.8489105346371838e-06,7.68969811536606e-10
SSH,+,1.0,1.0,0.6,121,0.00091652322773836,0.00091652322773836,1.8666990264648575e-07,3.901471712717257e-15,0.0004606035302142818,-0.00046060353020702235,-0.00045653249647631524,0.0004565324964739524,0.0004606035302142818,1.999999789996302,0.0009165214487434286,1.7935648748836192e-06,8.219194055250715e-10
SSH,+,1.0,1.0,0.65,121,0.0009864910327792198,0.0009864910327792198,2.1625871093888804e-07,-4.613845056082962e-15,0.0004953788128180196,-0.0004953788128180196,-0.0004916201151686437,0.0004916201151682676,0.000495378812814154,1.9999997567088732,0.0009864896268074708,1.6476540401507008e-06,8.126953541711469e-10
SSH,+,1.0,1.0,0.7,121,0.0010383307973790342,0.0010383307973790342,2.395845428715404e-07,-8.548475144069907e-16,0.0005210004598858008,-0.0005210004598854993,-0.0005177586586172145,0.0005177586586161417,0.0005210004598858008,1.9999997304672965,0.0010383298051952561,1.4098867150206698e-06,7.319628026252656e-10
SSH,+,1.0,1.0,0.75,121,0.0010691149529270824,0.0010691149529270824,2.540014109165946e-07,-3.200407357693249e-15,0.0005360144233865081,-0.0005360144233856458,-0.0005334797678503729,0.0005334797678469235,0.0005360144233865081,1.9999997142483095,0.0010691143651269535,1.0840650829880539e-06,5.794923614774659e-10
SSH,+,1.0,1.0,0.8,121,0.0010764638390627973,0.0010764638390627973,2.5750532679009234e-07,4.572133765628373e-16,0.0005392437562309792,-0.0005392437562309792,-0.000537580249981356,0.0005375802499832286,0.0005392437562299542,1.9999997103064022,0.001076463585419511,6.798184114658202e-07,3.65898823309726e-10
SSH,+,1.0,1.0,0.85,121,0.0010586246632477954,0.0010586246632477954,2.4904127209839857e-07,1.1379294723298451e-15,0.0005298299210407336,-0.0005298299210395612,-0.0005291620333577558,0.0005291620333586192,0.0005298299210407336,1.9999997198284678,0.001058624604755717,2.1294649452093757e-07,1.127131151856301e-10
SSH,+,1.0,1.0,0.9,121,0.001014535961519754,0.001014535961519754,2.2872951537738433e-07,-4.227212579204441e-15,0.0005076846482356934,-0.0005076846482349181,-0.0005072451772656444,0.0005072451772599289,0.0005076846482356934,1.999999742679209,0.00101453588593167,2.9522811868174625e-07,1.4975924050001135e-10
SSH,+,1.0,1.0,0.95,121,0.000943875341593792,0.000943875341593792,1.9797785341977044e-07,2.137403997892686e-16,0.0004729260185552387,-0.0004729260185520623,-0.0004713783181475064,0.00047137831814457,0.0004729260185552387,1.9999997772748492,0.0009438749607490342,8.181278413834551e-07,3.8610442828469886e-10
